names,k,b_any_farm,p_any_farm,F_farm,over_any_farm,p_area_farm,over_area_farm,b_area_farm,b_any_base,p_any_base,F_base,over_any_base,p_area_base,over_area_base,b_area_base,score
geo+rugged+area+workload,4,0.1649021305935845,0.09541826740146964,23.025925162983935,0.23810391711418122,0.05826659557785563,0.31252017624225237,0.38286603946749015,0.15295760232584363,0.14383938889421577,25.864540356468776,0.3166516992922517,0.07153742045576372,0.441829355265949,0.3552787735715362,11
geo+net+workload+costwork,4,0.1830911820309025,0.07235541552414793,21.516118559885854,0.3071868730025047,0.05473272011444741,0.09512700570502264,0.4203238995657729,0.16942507501130666,0.11499563677981794,23.81777780807488,0.4947613895960491,0.06536928079078219,0.3024062011833688,0.38713790249250934,11
geo+net+dist+costwork,4,0.18309118203092944,0.07235541552411151,21.51611855627075,0.30718687300262115,0.05473272011444452,0.09512700570502264,0.42032389956577476,0.169425075011321,0.11499563677978486,23.817777802468605,0.4947613895961541,0.06536928079080218,0.3024062011834383,0.3871379024924536,11
geo+net+costwork+burden4,4,0.18309118203092303,0.07235541552411706,21.51611855619649,0.3071868730025047,0.05473272011446495,0.09512700570499666,0.4203238995656812,0.16942507501132914,0.11499563677978752,23.817777802374053,0.4947613895961541,0.06536928079078619,0.3024062011834383,0.3871379024925071,11
net+raw+dist+burden4,4,0.18309118203093191,0.07235541552410352,21.516118556263642,0.3071868730023889,0.05473272011445762,0.09512700570503507,0.4203238995657148,0.16942507501131437,0.11499563677980595,23.81777780235113,0.4947613895962588,0.06536928079078774,0.3024062011834383,0.3871379024924897,11
geo+raw+costwork+burden4,4,0.18309118203092353,0.07235541552411862,21.51611855627374,0.3071868730025047,0.05473272011445496,0.09512700570503507,0.42032389956572624,0.1694250750113228,0.11499563677979219,23.817777802320393,0.4947613895961541,0.06536928079079218,0.3024062011833688,0.3871379024924869,11
geo+dist+workload+burden4,4,0.18309118203092423,0.0723554155241164,21.516118556274762,0.30718687300254377,0.054732720114453626,0.09512700570499666,0.4203238995657271,0.16942507501132426,0.11499563677978908,23.81777780231812,0.4947613895961541,0.06536928079079085,0.3024062011833688,0.38713790249248725,11
geo+dist+workload+costwork,4,0.18309118203092895,0.07235541552411684,21.516118556042557,0.30718687300254377,0.054732720114447186,0.09512700570499666,0.42032389956573113,0.16942507501132803,0.11499563677976998,23.817777802311866,0.4947613895961541,0.06536928079078441,0.3024062011833688,0.3871379024924753,11
net+raw+costwork+burden4,4,0.18309118203091457,0.07235541552413016,21.51611855625896,0.3071868730025047,0.054732720114451405,0.09512700570503507,0.4203238995657364,0.16942507501132595,0.11499563677978575,23.817777802307944,0.4947613895961541,0.06536928079079707,0.3024062011833688,0.38713790249247826,11
net+dist+workload+burden4,4,0.18309118203092065,0.07235541552412195,21.51611855628903,0.3071868730025047,0.05473272011445318,0.09512700570502264,0.42032389956572863,0.16942507501132095,0.11499563677979308,23.817777802304136,0.4947613895961541,0.06536928079079063,0.3024062011834383,0.3871379024924848,11
net+dist+costwork+burden4,4,0.18309118203091682,0.07235541552412594,21.516118556286756,0.3071868730025047,0.05473272011445318,0.09512700570502264,0.4203238995657293,0.16942507501132284,0.11499563677979174,23.817777802303226,0.4947613895961541,0.0653692807907913,0.3024062011833688,0.38713790249248614,11
geo+dist+costwork+burden4,4,0.18309118203092456,0.07235541552411728,21.516118556268907,0.3071868730025047,0.054732720114455624,0.09512700570502264,0.4203238995657229,0.1694250750113236,0.11499563677979152,23.817777802301748,0.4947613895961541,0.06536928079079041,0.3024062011833688,0.3871379024924906,11
dist+workload+costwork+burden4,4,0.18309118203091906,0.07235541552412239,21.516118556261347,0.3071868730025047,0.05473272011445207,0.09512700570502264,0.4203238995657338,0.16942507501132725,0.1149956367797964,23.817777802297314,0.4947613895961541,0.0653692807907933,0.3024062011834383,0.38713790249249913,11
raw+dist+costwork+burden4,4,0.1830911820309197,0.07235541552412239,21.516118556293065,0.3071868730025047,0.05473272011445207,0.09512700570503507,0.42032389956573746,0.1694250750113261,0.11499563677978553,23.81777780228117,0.4947613895961541,0.06536928079079263,0.3024062011834383,0.38713790249248675,11
geo+net+dist+burden4,4,0.18309118203092709,0.0723554155241164,21.516118556365157,0.3071868730025047,0.05473272011444075,0.09512700570503507,0.4203238995657815,0.1694250750113131,0.1149956367798004,23.817777802273355,0.4947613895963112,0.06536928079078907,0.3024062011833688,0.38713790249247915,11
net+raw+dist+workload,4,0.18309118203091934,0.07235541552411973,21.516118556275913,0.3071868730025047,0.05473272011445607,0.09512700570502264,0.42032389956572125,0.16942507501131582,0.11499563677979907,23.817777802271923,0.4947613895961541,0.06536928079079041,0.3024062011833688,0.38713790249248414,11
geo+workload+costwork+burden4,4,0.18309118203092897,0.07235541552411062,21.51611855628215,0.3071868730025047,0.054732720114452516,0.09512700570499666,0.42032389956573457,0.16942507501132484,0.11499563677979197,23.8177778022623,0.4947613895961541,0.06536928079078996,0.3024062011834383,0.3871379024924983,11
net+dist+workload+costwork,4,0.18309118203092073,0.07235541552412594,21.516118556361448,0.3071868730025047,0.05473272011444985,0.09512700570502264,0.42032389956573446,0.16942507501131682,0.11499563677979197,23.817777802253318,0.4947613895961541,0.06536928079078885,0.3024062011834383,0.38713790249247415,11
geo+raw+workload+burden4,4,0.18309118203092406,0.07235541552411795,21.516118556227923,0.3071868730025047,0.05473272011445318,0.09512700570503507,0.42032389956573146,0.16942507501131981,0.11499563677979552,23.817777802242972,0.4947613895961541,0.06536928079079485,0.3024062011833688,0.3871379024924789,11
net+raw+workload+burden4,4,0.1830911820309127,0.07235541552413394,21.516118556273113,0.3071868730025047,0.05473272011445385,0.09512700570499666,0.4203238995657306,0.16942507501132514,0.11499563677978464,23.817777802241835,0.4947613895961541,0.06536928079079218,0.3024062011834383,0.38713790249248486,11
raw+dist+workload+burden4,4,0.18309118203091815,0.07235541552412372,21.51611855627766,0.3071868730025047,0.054732720114451405,0.09512700570503507,0.4203238995657371,0.1694250750113229,0.11499563677978886,23.817777802230808,0.4947613895961541,0.0653692807907913,0.3024062011833688,0.3871379024924857,11
net+workload+costwork+burden4,4,0.1830911820309142,0.07235541552413038,21.516118556297727,0.3071868730025047,0.054732720114453404,0.09512700570503507,0.42032389956572935,0.16942507501133358,0.11499563677978308,23.817777802229386,0.4947613895961541,0.06536928079079174,0.3024062011834716,0.3871379024924956,11
net+raw+dist+costwork,4,0.18309118203092425,0.07235541552411462,21.51611855625176,0.3071868730025047,0.054732720114456956,0.09512700570499666,0.4203238995657206,0.1694250750113184,0.11499563677980018,23.817777802225816,0.4947613895962588,0.06536928079078574,0.3024062011834383,0.3871379024924926,11
geo+net+dist+workload,4,0.18309118203092284,0.07235541552412239,21.51611855617724,0.3071868730023889,0.054732720114442523,0.09512700570503507,0.42032389956577776,0.16942507501131515,0.11499563677979752,23.817777802207047,0.4947613895962588,0.06536928079079685,0.3024062011833688,0.3871379024924663,11
geo+raw+dist+costwork,4,0.1830911820309209,0.07235541552411573,21.516118556065774,0.30718687300262115,0.054732720114453404,0.09512700570507382,0.4203238995657218,0.16942507501133147,0.11499563677977864,23.817777802175158,0.4947613895962588,0.06536928079079285,0.3024062011834716,0.38713790249248153,11
geo+raw+dist+burden4,4,0.18309118203091979,0.07235541552411906,21.5161185563731,0.30718687300262115,0.05473272011445651,0.09512700570502264,0.4203238995657162,0.16942507501132698,0.11499563677978752,23.81777780212683,0.4947613895963112,0.06536928079079196,0.3024062011833001,0.3871379024924845,11
geo+raw+dist+workload,4,0.18309118203092348,0.07235541552411506,21.51611855640218,0.3071868730023889,0.054732720114455624,0.09512700570499666,0.4203238995657132,0.16942507501132548,0.11499563677979197,23.817777801827248,0.4947613895963112,0.06536928079079507,0.3024062011833688,0.3871379024924785,11
geo+net+workload+burden4,4,0.18309118203093067,0.07235541552410396,21.516118556214337,0.3071868730025047,0.05473272011446584,0.09512700570499666,0.42032389956567395,0.16942507501133847,0.11499563677977087,23.817777801825628,0.4947613895962588,0.06536928079078663,0.3024062011833688,0.38713790249250674,11
geo+net+raw+workload,4,0.18309118203094552,0.07235541552409996,21.51611855246156,0.30718687300242764,0.054732720114455624,0.09512700570495836,0.4203238995657613,0.16942507501130036,0.1149956367798004,23.81777779779252,0.4947613895962588,0.06536928079079729,0.30240620118326733,0.38713790249243113,11
geo+net+raw+burden4,4,0.1830911820309396,0.07235541552410463,21.516118554451555,0.30718687300254377,0.05473272011444186,0.09512700570502264,0.4203238995658194,0.16942507501128512,0.11499563677982572,23.817777797075642,0.4947613895963112,0.06536928079078153,0.3024062011834716,0.3871379024924658,11
geo+net+raw+costwork,4,0.18309118203092034,0.07235541552412839,21.516118560312794,0.3071868730025047,0.0547327201144443,0.09512700570503507,0.42032389956579397,0.16942507501128862,0.11499563677982172,23.817777795872626,0.4947613895963112,0.06536928079079396,0.30240620118326733,0.38713790249243796,11
geo+rugged+area+burden4,4,0.1428646212376224,0.14252459546130924,23.77926391983516,0.741889532784996,0.07916391486655372,0.39785608970644315,0.3445661065343261,0.14458034038464065,0.16476015273922995,27.17472095338669,0.386971358136303,0.0849866037837268,0.362336758664064,0.3360291415996033,10
geo+rugged+area+costwork,4,0.1584442471701233,0.10869799766050114,23.22350083394507,0.3816811917777113,0.06463785402803479,0.48813912809015136,0.3691023846371354,0.15017309306688303,0.15168544706674103,26.216777283875043,0.344380519164065,0.07681006978647797,0.4771631624808832,0.34696758979557607,10
geo+rugged+area,3,0.1441514772062953,0.1335813473584413,21.072724083159926,0.538438880956212,0.07262447076594825,0.34191927207765405,0.3578515325433838,0.14537876510197786,0.1588108100990735,24.003566958119677,0.22011654012960546,0.07970876872818367,0.28801902298952,0.34466080039481095,10
net+rugged+area+costwork+burden4,5,0.1660190911894926,0.09311006715082204,28.06517418313888,0.16430191265438865,0.05713201737826523,0.03394032578912709,0.38557137445474293,0.1545228543316829,0.13895784958784252,31.52828790860076,0.41530841131432406,0.06824705437829848,0.21764867353434214,0.36095883574647086,9
geo+net+raw+rugged+costwork,5,0.1660190911899217,0.0931100671505174,28.06518353026233,0.1643019126541565,0.05713201737856233,0.03394032578899164,0.38557137445490236,0.15452285433133522,0.13895784958831947,31.528286573478212,0.41530841131393714,0.06824705437861334,0.21764867353422868,0.3609588357454214,9
geo+net+rugged+workload+costwork,5,0.16601909118989275,0.09311006715056047,28.065183532805577,0.16430191265419536,0.05713201737856677,0.033940325789009074,0.38557137445489603,0.15452285433136687,0.13895784958826818,31.5282865733584,0.41530841131413077,0.06824705437858936,0.21764867353427408,0.3609588357455137,9
geo+net+raw+rugged+burden4,5,0.16601909118992422,0.09311006715051473,28.065183530922532,0.16430191265407923,0.05713201737854501,0.03394032578897854,0.38557137445494105,0.15452285433132845,0.1389578495883348,31.528286572875835,0.4153084113139761,0.06824705437860512,0.21764867353416084,0.36095883574543725,9
geo+net+raw+rugged+workload,5,0.1660190911899161,0.09311006715052783,28.065183530523655,0.16430191265411798,0.05713201737853035,0.033940325789004744,0.38557137445497447,0.15452285433133756,0.13895784958831414,31.528286572431437,0.41530841131405327,0.06824705437862333,0.21764867353427408,0.36095883574540544,9
geo+rugged+dist+workload+costwork,5,0.1660190911899636,0.09311006715043524,28.06518353135891,0.16430191265419536,0.05713201737855478,0.033940325789009074,0.385571374454881,0.15452285433137278,0.13895784958825197,31.52828657164605,0.41530841131413077,0.06824705437859846,0.21764867353427408,0.3609588357454669,9
geo+raw+area+dist+burden4,5,0.1660190911899702,0.09311006715042347,28.065183531322806,0.16430191265419536,0.057132017378566546,0.03394032578899164,0.3855713744548625,0.15452285433137308,0.13895784958827284,31.528286571501106,0.4153084113139761,0.06824705437860912,0.21764867353422868,0.3609588357454715,9
geo+net+rugged+workload+burden4,5,0.1660190911899695,0.09311006715041348,28.06518353098943,0.1643019126541565,0.057132017378578315,0.033940325789017844,0.38557137445482514,0.15452285433137986,0.13895784958826418,31.528286571445733,0.41530841131413077,0.06824705437861645,0.21764867353427408,0.36095883574546284,9
geo+raw+area+dist+costwork,5,0.1660190911899634,0.09311006715043324,28.06518353118275,0.16430191265419536,0.05713201737856166,0.033940325789017844,0.3855713744548798,0.15452285433138085,0.13895784958825597,31.528286571401992,0.41530841131405327,0.06824705437861045,0.21764867353422868,0.3609588357454675,9
geo+rugged+area+dist+costwork,5,0.16601909118995187,0.09311006715045278,28.065183531370558,0.16430191265407923,0.057132017378566546,0.03394032578899164,0.3855713744548651,0.1545228543313681,0.13895784958828372,31.528286571366746,0.41530841131413077,0.068247054378614,0.21764867353429673,0.36095883574545795,9
net+area+dist+workload+costwork,5,0.1660190911899466,0.09311006715046588,28.065183531463504,0.16430191265413718,0.05713201737856033,0.033940325789017844,0.38557137445488093,0.15452285433136276,0.1389578495882826,31.52828657136638,0.41530841131405327,0.06824705437863621,0.21764867353427408,0.36095883574540333,9
geo+raw+rugged+dist+burden4,5,0.16601909118996777,0.09311006715042769,28.065183531451186,0.16430191265419536,0.057132017378563216,0.033940325789017844,0.38557137445487827,0.15452285433137145,0.13895784958827595,31.52828657136022,0.41530841131413077,0.06824705437861378,0.21764867353420625,0.3609588357454613,9
geo+net+area+costwork+burden4,5,0.16601909118996017,0.09311006715043013,28.065183531333275,0.1643019126541565,0.05713201737856055,0.033940325789022174,0.385571374454873,0.15452285433138396,0.1389578495882522,31.528286571354272,0.41530841131405327,0.06824705437861711,0.21764867353427408,0.3609588357454589,9
geo+rugged+area+dist+burden4,5,0.1660190911899625,0.09311006715043546,28.06518353132494,0.16430191265413718,0.0571320173785681,0.03394032578899164,0.3855713744548638,0.1545228543313686,0.13895784958828283,31.528286571352808,0.41530841131413077,0.068247054378618,0.21764867353422868,0.36095883574545046,9
geo+net+rugged+dist+burden4,5,0.16601909118994004,0.09311006715048031,28.065183531469938,0.16430191265413718,0.05713201737856011,0.033940325789004744,0.3855713744548977,0.15452285433136204,0.13895784958828727,31.52828657133585,0.41530841131405327,0.06824705437861822,0.21764867353427408,0.36095883574544324,9
net+raw+rugged+area+burden4,5,0.1660190911899504,0.09311006715046033,28.065183531359693,0.16430191265411798,0.05713201737856344,0.03394032578899164,0.3855713744548794,0.15452285433136131,0.13895784958829505,31.528286571334526,0.41530841131405327,0.06824705437861933,0.21764867353427408,0.36095883574544785,9
geo+net+area+dist+costwork,5,0.16601909118993488,0.09311006715048964,28.065183531163573,0.16430191265413718,0.05713201737855744,0.03394032578899164,0.38557137445490364,0.15452285433135837,0.13895784958829394,31.528286571316556,0.4153084113139761,0.06824705437861134,0.21764867353420625,0.3609588357454559,9
geo+net+rugged+costwork+burden4,5,0.16601909118995956,0.0931100671504339,28.065183531612433,0.1643019126541565,0.05713201737857743,0.033940325789022174,0.3855713744548341,0.15452285433137625,0.1389578495882693,31.528286571316244,0.41530841131405327,0.06824705437861978,0.21764867353427408,0.3609588357454562,9
geo+rugged+workload+costwork+burden4,5,0.16601909118994732,0.09311006715045855,28.065183531368803,0.1643019126541565,0.05713201737856699,0.033940325789017844,0.3855713744548662,0.15452285433136967,0.1389578495882806,31.528286571312606,0.41530841131413077,0.06824705437861978,0.21764867353427408,0.36095883574545634,9
net+raw+area+dist+workload,5,0.16601909118995364,0.09311006715045345,28.0651835313824,0.16430191265407923,0.057132017378564104,0.033940325789017844,0.3855713744548759,0.15452285433137247,0.13895784958826773,31.528286571311515,0.41530841131413077,0.06824705437861844,0.21764867353427408,0.36095883574544696,9
raw+rugged+dist+workload+burden4,5,0.16601909118994934,0.09311006715045456,28.065183531392506,0.16430191265413718,0.05713201737855633,0.033940325789017844,0.38557137445489076,0.15452285433137064,0.1389578495882715,31.52828657130874,0.41530841131413077,0.06824705437861867,0.21764867353427408,0.3609588357454484,9
net+raw+rugged+workload+burden4,5,0.16601909118994734,0.09311006715045766,28.065183531387163,0.1643019126541565,0.05713201737856455,0.033940325789017844,0.3855713744548732,0.15452285433137042,0.13895784958827284,31.528286571304307,0.41530841131413077,0.06824705437861445,0.21764867353427408,0.36095883574545673,9
geo+raw+rugged+workload+burden4,5,0.16601909118995103,0.09311006715045322,28.06518353139046,0.16430191265413718,0.05713201737856566,0.033940325789017844,0.3855713744548696,0.15452285433136861,0.13895784958827795,31.528286571302658,0.41530841131413077,0.06824705437861356,0.21764867353427408,0.3609588357454572,9
rugged+dist+workload+costwork+burden4,5,0.16601909118994748,0.093110067150459,28.065183531361527,0.16430191265419536,0.05713201737856499,0.033940325789017844,0.3855713744548764,0.15452285433137483,0.13895784958826995,31.528286571302033,0.41530841131413077,0.06824705437861556,0.21764867353427408,0.3609588357454646,9
raw+rugged+area+workload+burden4,5,0.16601909118994734,0.09311006715045766,28.06518353141928,0.16430191265419536,0.05713201737856033,0.033940325789017844,0.38557137445487955,0.15452285433137125,0.13895784958827018,31.52828657130169,0.41530841131405327,0.06824705437862133,0.21764867353427408,0.3609588357454442,9
geo+net+rugged+area+costwork,5,0.16601909118995528,0.09311006715044945,28.06518353118896,0.16430191265419536,0.05713201737857654,0.033940325789017844,0.38557137445484935,0.15452285433136778,0.13895784958828727,31.528286571299546,0.41530841131405327,0.06824705437861489,0.21764867353427408,0.36095883574546117,9
area+dist+workload+costwork+burden4,5,0.16601909118995445,0.09311006715044745,28.065183531346634,0.1643019126541565,0.05713201737856122,0.033940325789017844,0.3855713744548811,0.15452285433136959,0.13895784958827884,31.528286571299304,0.41530841131413077,0.0682470543786109,0.21764867353427408,0.3609588357454722,9
geo+rugged+area+workload+costwork,5,0.16601909118995792,0.09311006715044345,28.06518353141293,0.16430191265402116,0.05713201737857121,0.033940325789004744,0.3855713744548586,0.1545228543313657,0.13895784958828905,31.528286571298775,0.4153084113139761,0.06824705437861178,0.21764867353420625,0.36095883574546134,9
geo+net+area+dist+burden4,5,0.1660190911899395,0.09311006715048142,28.065183531236343,0.1643019126541565,0.057132017378555666,0.033940325789022174,0.38557137445490924,0.15452285433135965,0.13895784958829038,31.52828657129702,0.41530841131405327,0.06824705437861622,0.21764867353422868,0.360958835745445,9
geo+net+rugged+dist+workload,5,0.16601909118994668,0.09311006715046788,28.065183531438517,0.16430191265413718,0.057132017378556554,0.033940325789030945,0.3855713744549072,0.15452285433135776,0.13895784958829505,31.52828657129616,0.41530841131405327,0.06824705437862288,0.21764867353427408,0.3609588357454362,9
geo+area+dist+workload+burden4,5,0.16601909118995428,0.09311006715044878,28.06518353134919,0.1643019126541565,0.05713201737856366,0.033940325789022174,0.3855713744548748,0.15452285433137175,0.13895784958827218,31.52828657129487,0.41530841131413077,0.06824705437861867,0.21764867353427408,0.3609588357454502,9
geo+raw+rugged+area+workload,5,0.16601909118995797,0.09311006715044434,28.0651835311711,0.16430191265407923,0.0571320173785701,0.033940325789017844,0.3855713744548614,0.1545228543313678,0.1389578495882864,31.528286571290778,0.41530841131413077,0.06824705437861667,0.21764867353420625,0.36095883574545606,9
raw+rugged+dist+costwork+burden4,5,0.16601909118995103,0.09311006715045189,28.065183531402738,0.16430191265413718,0.05713201737855744,0.033940325789017844,0.3855713744548866,0.15452285433137242,0.1389578495882704,31.528286571289414,0.41530841131413077,0.0682470543786231,0.21764867353427408,0.3609588357454441,9
geo+net+rugged+area+workload,5,0.16601909118996122,0.09311006715043924,28.065183531361683,0.16430191265407923,0.05713201737857032,0.03394032578899164,0.38557137445485634,0.15452285433137045,0.13895784958827995,31.528286571288458,0.41530841131416907,0.06824705437861422,0.21764867353427408,0.36095883574546084,9
net+raw+rugged+dist+costwork,5,0.16601909118995012,0.093110067150459,28.06518353135885,0.16430191265411798,0.05713201737856166,0.033940325789022174,0.3855713744548812,0.15452285433136803,0.13895784958827861,31.52828657128784,0.41530841131405327,0.06824705437861844,0.21764867353427408,0.3609588357454485,9
rugged+area+workload+costwork+burden4,5,0.16601909118994995,0.09311006715045567,28.065183531377443,0.16430191265419536,0.05713201737856233,0.033940325789017844,0.38557137445487416,0.1545228543313718,0.1389578495882764,31.52828657128663,0.41530841131405327,0.06824705437862044,0.21764867353427408,0.3609588357454594,9
net+rugged+area+dist+burden4,5,0.1660190911899527,0.09311006715045544,28.06518353136947,0.16430191265407923,0.057132017378562105,0.033940325789017844,0.38557137445488576,0.15452285433136492,0.13895784958828372,31.528286571284806,0.41530841131413077,0.06824705437861334,0.21764867353427408,0.36095883574545357,9
geo+raw+area+costwork+burden4,5,0.16601909118994973,0.09311006715045833,28.0651835313825,0.1643019126541565,0.05713201737856588,0.033940325789009074,0.38557137445487416,0.1545228543313724,0.13895784958826995,31.528286571283843,0.41530841131405327,0.06824705437861445,0.21764867353427408,0.36095883574545984,9
net+raw+area+costwork+burden4,5,0.16601909118994881,0.09311006715045655,28.06518353138597,0.16430191265413718,0.057132017378565436,0.033940325789017844,0.3855713744548708,0.154522854331373,0.13895784958826995,31.528286571283218,0.41530841131413077,0.06824705437861533,0.21764867353427408,0.3609588357454576,9
net+area+dist+workload+burden4,5,0.16601909118994632,0.09311006715046388,28.065183531354904,0.16430191265413718,0.057132017378564104,0.033940325789017844,0.385571374454877,0.15452285433136978,0.13895784958827484,31.528286571282592,0.41530841131413077,0.06824705437861867,0.21764867353427408,0.3609588357454483,9
geo+raw+area+workload+burden4,5,0.16601909118994954,0.09311006715045744,28.065183531391824,0.1643019126541565,0.05713201737856388,0.033940325789017844,0.3855713744548761,0.15452285433137197,0.13895784958826907,31.528286571282024,0.41530841131405327,0.06824705437861422,0.21764867353427408,0.3609588357454582,9
net+rugged+workload+costwork+burden4,5,0.16601909118994645,0.0931100671504621,28.065183531376363,0.16430191265413718,0.05713201737856499,0.033940325789009074,0.3855713744548736,0.1545228543313764,0.13895784958826463,31.528286571281512,0.41530841131405327,0.06824705437861134,0.21764867353427408,0.36095883574547116,9
raw+area+dist+costwork+burden4,5,0.16601909118995153,0.09311006715045234,28.065183531370167,0.1643019126541565,0.057132017378557665,0.033940325789017844,0.3855713744548885,0.1545228543313728,0.1389578495882693,31.528286571280546,0.41530841131413077,0.06824705437862111,0.21764867353427408,0.3609588357454502,9
net+rugged+dist+workload+burden4,5,0.16601909118994987,0.09311006715045766,28.065183531367126,0.1643019126541565,0.05713201737856499,0.033940325789017844,0.38557137445487516,0.15452285433136703,0.13895784958828084,31.52828657127955,0.41530841131413077,0.06824705437861356,0.21764867353427408,0.36095883574545623,9
geo+area+workload+costwork+burden4,5,0.16601909118994504,0.09311006715046499,28.065183531395803,0.16430191265413718,0.057132017378562105,0.033940325789017844,0.3855713744548798,0.15452285433137852,0.13895784958826218,31.528286571278443,0.41530841131405327,0.06824705437860934,0.21764867353427408,0.36095883574547366,9
net+raw+area+dist+costwork,5,0.16601909118995553,0.09311006715044967,28.065183531352567,0.16430191265419536,0.05713201737856277,0.03394032578898287,0.38557137445487827,0.15452285433137142,0.13895784958827107,31.528286571275352,0.41530841131405327,0.06824705437861645,0.21764867353427408,0.36095883574545123,9
net+raw+rugged+costwork+burden4,5,0.16601909118994856,0.09311006715045655,28.065183531389437,0.1643019126541565,0.05713201737856188,0.033940325789017844,0.3855713744548802,0.15452285433137264,0.1389578495882695,31.52828657127492,0.41530841131413077,0.06824705437861422,0.21764867353427408,0.3609588357454596,9
net+rugged+area+dist+costwork,5,0.16601909118995403,0.09311006715045123,28.06518353137684,0.16430191265413718,0.057132017378564326,0.033940325789017844,0.3855713744548817,0.1545228543313665,0.13895784958827706,31.52828657127395,0.41530841131416907,0.06824705437861645,0.21764867353427408,0.3609588357454492,9
net+rugged+dist+costwork+burden4,5,0.16601909118994773,0.09311006715046077,28.065183531367666,0.1643019126541565,0.05713201737856477,0.033940325789017844,0.38557137445487727,0.15452285433136995,0.13895784958827528,31.52828657127344,0.41530841131405327,0.06824705437861578,0.21764867353427408,0.3609588357454543,9
net+rugged+area+dist+workload,5,0.16601909118995156,0.09311006715045722,28.065183531367847,0.16430191265413718,0.05713201737856344,0.03394032578899164,0.3855713744548827,0.1545228543313637,0.13895784958828705,31.528286571273345,0.41530841131405327,0.06824705437861711,0.21764867353427408,0.36095883574544907,9
geo+area+dist+costwork+burden4,5,0.1660190911899532,0.09311006715045012,28.06518353134848,0.16430191265413718,0.057132017378563216,0.033940325789022174,0.3855713744548762,0.15452285433137108,0.13895784958827528,31.52828657127236,0.41530841131405327,0.06824705437861422,0.21764867353427408,0.36095883574545895,9
geo+rugged+dist+workload+burden4,5,0.16601909118995603,0.09311006715044545,28.065183531366017,0.1643019126541565,0.057132017378564326,0.033940325789017844,0.3855713744548728,0.15452285433136942,0.13895784958827662,31.52828657127128,0.41530841131413077,0.06824705437861756,0.21764867353427408,0.3609588357454508,9
rugged+area+dist+workload+burden4,5,0.1660190911899458,0.093110067150461,28.065183531350044,0.16430191265413718,0.057132017378560995,0.033940325789017844,0.3855713744548792,0.1545228543313713,0.13895784958827417,31.528286571271224,0.41530841131405327,0.06824705437861667,0.21764867353427408,0.3609588357454555,9
rugged+area+dist+costwork+burden4,5,0.1660190911899483,0.093110067150457,28.065183531356638,0.1643019126541565,0.057132017378556554,0.033940325789017844,0.385571374454888,0.15452285433137267,0.1389578495882713,31.528286571269007,0.41530841131405327,0.068247054378618,0.21764867353427408,0.36095883574545723,9
net+area+workload+costwork+burden4,5,0.1660190911899422,0.09311006715046699,28.065183531365335,0.1643019126541565,0.05713201737856699,0.033940325789017844,0.38557137445486694,0.1545228543313722,0.13895784958827528,31.528286571268836,0.41530841131405327,0.06824705437860112,0.21764867353427408,0.3609588357454878,9
geo+raw+rugged+area+burden4,5,0.16601909118995833,0.09311006715044368,28.06518353135137,0.16430191265413718,0.057132017378568545,0.033940325789017844,0.3855713744548661,0.1545228543313663,0.13895784958829105,31.52828657126824,0.41530841131413077,0.06824705437861289,0.21764867353420625,0.36095883574546406,9
net+rugged+area+workload+costwork,5,0.16601909118995212,0.093110067150457,28.06518353135661,0.16430191265419536,0.05713201737856921,0.033940325789009074,0.38557137445487705,0.1545228543313703,0.1389578495882744,31.52828657126807,0.41530841131413077,0.06824705437861267,0.21764867353427408,0.36095883574546017,9
net+area+dist+costwork+burden4,5,0.16601909118994979,0.09311006715045744,28.065183531369854,0.1643019126541565,0.05713201737856388,0.033940325789017844,0.38557137445487666,0.15452285433137075,0.1389578495882744,31.52828657126628,0.41530841131413077,0.06824705437861645,0.21764867353427408,0.3609588357454542,9
raw+area+dist+workload+burden4,5,0.1660190911899533,0.09311006715044878,28.06518353137716,0.16430191265413718,0.05713201737855944,0.033940325789017844,0.38557137445488276,0.1545228543313703,0.1389578495882724,31.52828657126554,0.41530841131405327,0.06824705437862111,0.21764867353427408,0.3609588357454452,9
net+raw+area+workload+burden4,5,0.16601909118994942,0.09311006715045567,28.06518353134578,0.1643019126541565,0.05713201737856677,0.033940325789017844,0.3855713744548672,0.15452285433136992,0.1389578495882744,31.52828657126338,0.41530841131413077,0.06824705437861378,0.21764867353427408,0.3609588357454574,9
geo+rugged+dist+costwork+burden4,5,0.16601909118995334,0.09311006715044923,28.0651835313746,0.1643019126541565,0.05713201737856588,0.033940325789017844,0.385571374454869,0.1545228543313692,0.13895784958827884,31.52828657126213,0.41530841131413077,0.06824705437861556,0.21764867353427408,0.3609588357454576,9
geo+raw+rugged+costwork+burden4,5,0.16601909118995306,0.09311006715044945,28.065183531375624,0.16430191265413718,0.0571320173785661,0.033940325789022174,0.3855713744548681,0.15452285433137203,0.13895784958827218,31.52828657126048,0.41530841131413077,0.06824705437861356,0.21764867353427408,0.3609588357454614,9
geo+rugged+area+costwork+burden4,5,0.16601909118996205,0.09311006715043568,28.065183531308552,0.16430191265419536,0.05713201737856921,0.03394032578899164,0.38557137445486,0.15452285433136692,0.1389578495882864,31.528286571257006,0.41530841131405327,0.068247054378616,0.21764867353416084,0.3609588357454533,9
net+raw+rugged+area+workload,5,0.16601909118994862,0.09311006715046233,28.06518353136222,0.16430191265411798,0.0571320173785661,0.03394032578896977,0.38557137445487355,0.15452285433135943,0.1389578495882997,31.52828657125016,0.41530841131416907,0.06824705437862111,0.21764867353429673,0.3609588357454447,9
net+raw+rugged+dist+workload,5,0.1660190911899517,0.09311006715045633,28.06518353136486,0.16430191265421457,0.05713201737856455,0.033940325789017844,0.3855713744548771,0.15452285433137253,0.13895784958826818,31.528286571249104,0.41530841131405327,0.06824705437861489,0.21764867353427408,0.36095883574545323,9
net+raw+rugged+area+costwork,5,0.16601909118994923,0.09311006715046055,28.06518353132894,0.16430191265407923,0.05713201737856566,0.033940325789017844,0.3855713744548734,0.1545228543313591,0.13895784958830015,31.52828657124626,0.41530841131413077,0.068247054378622,0.21764867353427408,0.36095883574544363,9
raw+rugged+area+costwork+burden4,5,0.16601909118995137,0.093110067150451,28.06518353138307,0.16430191265419536,0.05713201737855789,0.033940325789017844,0.38557137445488576,0.15452285433137447,0.1389578495882664,31.528286571245644,0.41530841131413077,0.06824705437862066,0.21764867353427408,0.36095883574544885,9
net+raw+area+dist+burden4,5,0.16601909118995406,0.09311006715045145,28.06518353138827,0.16430191265407923,0.057132017378560995,0.033940325789017844,0.3855713744548846,0.15452285433136992,0.1389578495882744,31.528286571235174,0.41530841131405327,0.068247054378616,0.21764867353427408,0.36095883574545196,9
geo+rugged+area+dist+workload,5,0.16601909118995253,0.09311006715045123,28.06518353129325,0.16430191265407923,0.0571320173785661,0.033940325789017844,0.38557137445486855,0.15452285433136553,0.1389578495882906,31.528286571234823,0.41530841131405327,0.06824705437861733,0.21764867353427408,0.36095883574545096,9
net+raw+rugged+dist+burden4,5,0.16601909118994945,0.09311006715046122,28.065183531367452,0.16430191265413718,0.05713201737855944,0.033940325789009074,0.38557137445488965,0.15452285433137092,0.1389578495882724,31.52828657122121,0.41530841131413077,0.06824705437861822,0.21764867353420625,0.3609588357454479,9
geo+raw+rugged+dist+workload,5,0.16601909118996463,0.09311006715043257,28.065183531248817,0.16430191265419536,0.0571320173785681,0.03394032578899164,0.38557137445486517,0.15452285433137694,0.13895784958826352,31.52828657121918,0.41530841131405327,0.06824705437861978,0.21764867353427408,0.36095883574544857,9
geo+net+area+dist+workload,5,0.16601909118993885,0.09311006715048054,28.06518353144976,0.16430191265413718,0.057132017378565214,0.033940325789017844,0.3855713744548837,0.1545228543313605,0.1389578495882886,31.528286571217205,0.41530841131405327,0.06824705437862133,0.21764867353427408,0.36095883574543697,9
geo+net+rugged+dist+costwork,5,0.16601909118995398,0.09311006715045678,28.065183531349124,0.16430191265411798,0.057132017378556554,0.033940325789017844,0.3855713744549069,0.15452285433135937,0.1389578495882906,31.52828657120943,0.41530841131405327,0.06824705437862133,0.21764867353427408,0.3609588357454377,9
geo+rugged+area+workload+burden4,5,0.16601909118995628,0.09311006715044612,28.06518353138778,0.16430191265407923,0.05713201737857054,0.033940325789035275,0.3855713744548553,0.15452285433137303,0.1389578495882724,31.528286571199924,0.41530841131416907,0.06824705437860867,0.21764867353427408,0.3609588357454657,9
geo+raw+rugged+area+costwork,5,0.16601909118995908,0.09311006715044146,28.06518353122208,0.16430191265419536,0.05713201737856988,0.033940325789017844,0.3855713744548653,0.15452285433136637,0.13895784958829105,31.528286571181553,0.41530841131416907,0.06824705437861334,0.21764867353427408,0.36095883574546084,9
geo+net+rugged+area+burden4,5,0.16601909118994973,0.09311006715045966,28.065183531174263,0.1643019126541565,0.05713201737857365,0.033940325789017844,0.38557137445485173,0.1545228543313706,0.13895784958828106,31.52828657113575,0.4153084113139761,0.06824705437861778,0.21764867353427408,0.3609588357454547,9
net+rugged+dist+workload+costwork,5,0.1660190911899481,0.0931100671504641,28.065183531386424,0.1643019126541565,0.05713201737855389,0.033940325789017844,0.3855713744548958,0.1545228543313598,0.13895784958828838,31.52828657112491,0.41530841131413077,0.06824705437859513,0.21764867353427408,0.36095883574547627,9
geo+raw+rugged+dist+costwork,5,0.16601909118996003,0.09311006715043968,28.065183531265156,0.1643019126541565,0.05713201737856766,0.03394032578899164,0.3855713744548644,0.15452285433137838,0.13895784958826152,31.528286571078546,0.41530841131413077,0.06824705437861778,0.21764867353427408,0.3609588357454525,9
geo+area+dist+workload+costwork,5,0.16601909118997712,0.09311006715041281,28.065183531092657,0.1643019126541565,0.05713201737856366,0.033940325789017844,0.38557137445487544,0.1545228543313461,0.13895784958831991,31.528286571009403,0.41530841131405327,0.06824705437862022,0.21764867353427408,0.3609588357454281,9
geo+raw+area+dist+workload,5,0.16601909118996025,0.09311006715043812,28.065183531349344,0.16430191265413718,0.057132017378562994,0.033940325789017844,0.38557137445487466,0.1545228543313772,0.13895784958826507,31.528286571006685,0.4153084113139761,0.06824705437860756,0.21764867353420625,0.36095883574547183,9
net+rugged+area+workload+burden4,5,0.16601909118996186,0.093110067150457,28.065183531620733,0.1643019126541565,0.05713201737857698,0.033940325789009074,0.38557137445488926,0.15452285433136284,0.13895784958829505,31.52828657095904,0.41530841131405327,0.06824705437861311,0.21764867353434214,0.36095883574544096,9
geo+net+raw+area+burden4,5,0.16601909118991762,0.09311006715052716,28.065183531039697,0.16430191265413718,0.05713201737855633,0.033940325789009074,0.38557137445492157,0.15452285433133123,0.13895784958832502,31.528286570810128,0.4153084113139761,0.06824705437861134,0.21764867353420625,0.360958835745422,9
geo+net+area+workload+burden4,5,0.16601909118997274,0.09311006715040815,28.06518353141331,0.16430191265419536,0.05713201737857054,0.033940325789022174,0.38557137445483824,0.15452285433138419,0.13895784958825175,31.528286570662885,0.41530841131413077,0.06824705437862,0.21764867353427408,0.3609588357454529,9
geo+net+raw+area+costwork,5,0.1660190911899263,0.09311006715050918,28.065183531545404,0.16430191265407923,0.057132017378566324,0.033940325789017844,0.38557137445489104,0.1545228543313289,0.13895784958833368,31.528286569070683,0.41530841131413077,0.06824705437862844,0.21764867353416084,0.36095883574539517,9
geo+net+area+workload+costwork,5,0.16601909118991143,0.09311006715054004,28.06518353184333,0.16430191265419536,0.05713201737858231,0.033940325789009074,0.3855713744548645,0.1545228543313612,0.13895784958829482,31.528286568165413,0.41530841131405327,0.06824705437861422,0.21764867353427408,0.360958835745468,9
geo+net+raw+area+workload,5,0.1660190911899138,0.09311006715053338,28.065183529423923,0.16430191265413718,0.05713201737853546,0.03394032578899164,0.38557137445497125,0.15452285433133806,0.13895784958831103,31.52828656685237,0.41530841131405327,0.06824705437862777,0.21764867353427408,0.3609588357453919,9
geo+net+raw+area,4,0.16118477263262687,0.0951556858804854,26.793284992211483,0.09017324737824439,0.05629089416867239,0.015398645289349533,0.3909141098795392,0.15323947479310585,0.13704200953687917,30.006310379203907,0.2699529850440687,0.0659232955963629,0.12509202472538794,0.3668619986245143,9
geo+raw+rugged+dist,4,0.16118477263260256,0.09515568588051382,26.79328499310077,0.09017324737825672,0.05629089416870525,0.015398645289358193,0.39091410987942876,0.15323947479314692,0.13704200953682344,30.00631037845085,0.26995298504400744,0.06592329559635712,0.12509202472538794,0.36686199862456514,9
geo+rugged+area+dist,4,0.16118477263260453,0.09515568588051093,26.793284993413717,0.09017324737828103,0.05629089416870836,0.015398645289349533,0.3909141098794182,0.15323947479313524,0.13704200953684986,30.006310378090905,0.26995298504397613,0.06592329559635512,0.12509202472541836,0.36686199862456503,9
geo+net+area+dist,4,0.16118477263259562,0.09515568588053513,26.793284993345992,0.09017324737821997,0.05629089416868904,0.015398645289358193,0.3909141098794826,0.15323947479313194,0.13704200953684476,30.006310378075455,0.26995298504397613,0.06592329559636756,0.12509202472538794,0.36686199862453606,9
net+raw+rugged+area,4,0.16118477263260278,0.09515568588052181,26.79328499340636,0.09017324737824439,0.0562908941686997,0.015398645289358193,0.3909141098794412,0.1532394747931336,0.13704200953684853,30.00631037807267,0.26995298504397613,0.0659232955963609,0.12509202472538794,0.36686199862455476,9
net+raw+area+dist,4,0.1611847726326042,0.09515568588051315,26.793284993421764,0.09017324737821997,0.056290894168705696,0.015398645289355972,0.3909141098794295,0.15323947479313527,0.13704200953684498,30.00631037802583,0.26995298504397613,0.06592329559635979,0.12509202472538794,0.36686199862455604,9
net+rugged+area+dist,4,0.1611847726326057,0.0951556858805136,26.793284993406672,0.09017324737824439,0.05629089416870303,0.015398645289355972,0.3909141098794425,0.15323947479313582,0.1370420095368412,30.00631037802131,0.26995298504397613,0.06592329559635868,0.12509202472538794,0.36686199862455604,9
geo+raw+area+dist,4,0.16118477263261183,0.09515568588049783,26.79328499319604,0.09017324737825672,0.05629089416871369,0.015398645289358193,0.3909141098794085,0.1532394747931458,0.13704200953682677,30.006310378019407,0.26995298504400744,0.06592329559635823,0.12509202472538794,0.36686199862456315,9
geo+net+rugged+dist,4,0.16118477263260564,0.0951556858805156,26.79328499350396,0.09017324737824439,0.05629089416869126,0.015398645289358193,0.3909141098794794,0.15323947479312588,0.13704200953685897,30.006310377999114,0.26995298504397613,0.06592329559636334,0.12509202472538794,0.3668619986245455,9
net+raw+rugged+dist,4,0.16118477263260053,0.09515568588051959,26.793284993414545,0.09017324737821997,0.05629089416870481,0.015398645289355972,0.3909141098794323,0.15323947479313393,0.13704200953684764,30.00631037799127,0.26995298504397613,0.06592329559636023,0.12509202472538794,0.3668619986245545,9
geo+net+rugged+area,4,0.16118477263259318,0.09515568588053203,26.793284993449106,0.09017324737824439,0.0562908941687108,0.015398645289358193,0.39091410987940706,0.15323947479313796,0.13704200953684453,30.006310377990644,0.26995298504397613,0.06592329559635735,0.12509202472538794,0.36686199862456703,9
geo+raw+rugged+area,4,0.1611847726325955,0.09515568588052914,26.793284993545626,0.09017324737824439,0.05629089416870614,0.015398645289355972,0.39091410987942227,0.1532394747931407,0.13704200953683854,30.00631037793704,0.26995298504400744,0.06592329559636156,0.12509202472538794,0.36686199862455915,9
geo+net+raw+rugged,4,0.1611847726326117,0.09515568588051138,26.793284998076178,0.09017324737824439,0.05629089416867772,0.015398645289351642,0.3909141098795271,0.15323947479311237,0.13704200953686252,30.00631037496159,0.2699529850440687,0.06592329559635424,0.12509202472543346,0.3668619986245287,9
area+workload+costwork+burden4,4,0.1362807026542304,0.17345084146425682,22.61229620132292,0.4788988245617267,0.09640387333388323,0.6731718150359123,0.3174253148639206,0.1328586789280089,0.20841461616847567,25.615447868007436,0.5385536135007065,0.10908751605180256,0.9215581484006028,0.30421858549598313,9
raw+area+workload+burden4,4,0.13628070265423245,0.17345084146424838,22.612296201333947,0.4788988245617828,0.09640387333391942,0.6731718150359123,0.3174253148638872,0.1328586789280095,0.20841461616846635,25.615447867975604,0.5385536135007065,0.10908751605179345,0.9215581484006028,0.3042185854959835,9
raw+area+costwork+burden4,4,0.13628070265423503,0.17345084146424194,22.612296201316497,0.4788988245617267,0.09640387333392253,0.6731718150359123,0.3174253148638818,0.13285867892800987,0.2084146161684688,25.615447867887042,0.5385536135008182,0.10908751605178901,0.9215581484006028,0.30421858549599023,9
geo+net+raw,3,0.17932790615307181,0.07194508926124477,21.317474348300948,0.16526886337140123,0.053767898860271446,0.04212220883154727,0.4296311662899931,0.1690775773922265,0.11107020452738903,23.5934486267206,0.3042541007074844,0.06263637825446589,0.17723219089104547,0.39636217336531704,9
geo+raw+dist,3,0.17932790615311148,0.07194508926116971,21.317474342963237,0.16526886337140123,0.053767898860279884,0.04212220883154727,0.4296311662899029,0.16907757739226106,0.1110702045273595,23.59344862425644,0.30425410070757,0.06263637825446966,0.17723219089111997,0.3963621733653543,9
geo+net+dist,3,0.17932790615309446,0.07194508926120435,21.317474343403262,0.16526886337142654,0.05376789886027078,0.04212220883154083,0.4296311662899526,0.16907757739224671,0.11107020452737415,23.593448624149687,0.30425410070757,0.06263637825446122,0.17723219089104547,0.3963621733653625,9
net+raw+dist,3,0.17932790615310673,0.07194508926118104,21.31747434313911,0.16526886337142654,0.05376789886029054,0.04212220883154083,0.4296311662898808,0.16907757739224985,0.11107020452737393,23.593448624142866,0.3042541007074844,0.062636378254461,0.17723219089111997,0.3963621733653676,9
geo+rugged+workload,3,0.2302366007833171,0.0662133041245676,14.168794410927207,0.14013799739925104,0.023783459447384914,0.19839942888705608,0.4492713866310425,0.29374300479715837,0.07460668318222297,15.869672747957841,0.4402442140748718,0.032768611544039095,0.59137565514489,0.5245450869829844,9
geo+rugged+costwork,3,0.20405943924749825,0.0892789275812691,13.873766512901351,0.23198933509270891,0.03167836193984752,0.34606914950768575,0.40937702678667703,0.2858287999349652,0.07962711312076354,15.488389610073645,0.45448954493166993,0.03575778881061442,0.6755443067357503,0.5088392772238337,9
workload+costwork+burden4,3,0.14915842001995305,0.16412147175995706,24.39720755341625,0.3966599440889913,0.11561635769450818,0.4957499828276717,0.3365080783267358,0.14566646007102885,0.19851370411430347,26.756762552077248,0.41988874068346005,0.13743683181140343,0.7932485135651578,0.3087362897034833,8
raw+costwork+burden4,3,0.14915842001995677,0.16412147175994773,24.397207553359863,0.3966599440889913,0.11561635769450729,0.4957499828276717,0.33650807832674207,0.1456664600710303,0.1985137041143017,26.75676255198482,0.41988874068340076,0.13743683181141608,0.7932485135651578,0.30873628970347533,8
raw+workload+burden4,3,0.14915842001995674,0.16412147175994773,24.39720755342512,0.3966599440889913,0.11561635769452172,0.4957499828276717,0.3365080783267249,0.14566646007103246,0.19851370411429725,26.756762551930706,0.41988874068346005,0.13743683181141608,0.7932485135651578,0.308736289703476,8
area+dist+workload,3,0.11285238118580639,0.45284116292988186,16.119914238206924,0.3153020044122239,0.5436618897688561,0.1494037275136122,0.15382094555109652,0.22234333442352971,0.23842906671099295,18.483843765287954,0.8773830564379179,0.143228568029101,0.5508521098937567,0.36358007989500485,8
area+dist+costwork,3,0.18759934371846468,0.2482533428256768,16.186899157913427,0.19436364032386355,0.24406980729502337,0.08406239550133798,0.2756900480135208,0.25870615879100883,0.18611714867435514,18.416119680724197,0.7122783783370739,0.10704832570845113,0.4866960287562916,0.41332822951925,8
raw+rugged+costwork+burden4,4,0.14319445910658626,0.1804554608381581,49.13907569168845,0.09336967472680302,0.12332521686317932,0.029194471943522537,0.3237926716368064,0.1404599962711845,0.21344902572778857,57.97602084815776,0.26952965638853144,0.14612655000153518,0.1849218089125393,0.2979252113602373,6
rugged+workload+costwork+burden4,4,0.14319445910657932,0.18045546083817765,49.13907569181555,0.09336967472680302,0.12332521686318332,0.029194471943522537,0.3237926716367986,0.14045999627118821,0.21344902572778568,57.976020848148096,0.26952965638853144,0.14612655000153052,0.1849218089125393,0.29792521136024597,6
raw+rugged+workload+burden4,4,0.14319445910658377,0.1804554608381661,49.13907569158698,0.09336967472680302,0.12332521686318909,0.029194471943522537,0.3237926716367963,0.14045999627118663,0.21344902572777946,57.9760208481307,0.26952965638853144,0.14612655000153119,0.1849218089125393,0.29792521136023625,6
raw+area+workload,3,0.16944023146520357,0.22190080029684944,14.467535612910128,0.2919132628729886,0.16971406791489718,0.5227135004407759,0.28195744086695723,0.27456297461761325,0.13943378455346855,16.157209809850887,0.6350969156672142,0.0865068522788377,0.9076957421716869,0.4271420592420529,6
area+workload+costwork,3,0.16944023146520398,0.22190080029684855,14.467535612910218,0.2919132628729886,0.1697140679148943,0.5227135004407759,0.2819574408669589,0.2745629746176129,0.13943378455346989,16.157209809850833,0.6350969156672142,0.08650685227883881,0.9076957421716869,0.4271420592420527,6
raw+area+costwork,3,0.1694402314652025,0.2219008002968521,14.467535612910108,0.2919132628729886,0.16971406791489807,0.5227135004407759,0.2819574408669559,0.2745629746176132,0.13943378455346944,16.157209809850812,0.6350969156672142,0.08650685227883792,0.9076957421716869,0.4271420592420528,6
area+costwork+burden4,3,0.18788641668169476,0.2155095224818151,13.99593715744351,0.29307534934824453,0.17684284251187687,0.5026165727567011,0.2972364101148361,0.2786009804350741,0.15298366323618828,15.60850297614915,0.5709504578351137,0.08743423166769371,0.9170771619596824,0.44057849178722874,6
area+workload+burden4,3,0.16798998652400537,0.2458362468878592,13.681059606682044,0.2893614567845124,0.20368257892283603,0.5273172132011579,0.2727576824017381,0.27537008383092665,0.15303844156651336,15.30693565569986,0.5592195070023283,0.08967872301791413,0.9010269353690257,0.43288406519425515,6
area+burden4,2,0.16185881881963848,0.25634077318931703,13.525491902673565,0.389699656682551,0.21222331202730071,0.5706857515459229,0.26555604640640457,0.276520380051822,0.15302029197958222,15.297809948849498,0.2971746999793585,0.08908090344822184,0.7591135024085979,0.4351886618005646,6
geo+area+workload,3,0.2442316407244814,0.05522464094168722,13.093598617840446,0.16236533748452797,0.023191513082959192,0.22359832312608052,0.4770001576362698,0.30571340714698897,0.0672151418305591,14.459057437541231,0.5658915437004102,0.03301634550130972,0.6847520652091242,0.5419424851008264,6
geo+area+costwork,3,0.21678926740845003,0.07517804756791557,12.961200302680586,0.25622727931586486,0.029654562446870925,0.3837168191068715,0.4346263876714198,0.2981170595169551,0.07195010496692156,14.236170650105048,0.5754497185356231,0.0360827918678821,0.7709086856251641,0.5252251886713387,6
rugged+area+workload,3,0.24492284127130426,0.06068264762061659,12.828758268871702,0.15377912438351737,0.023617037586907585,0.21388649697583384,0.472957918063616,0.3107516555274012,0.07103363644940863,14.146802042422587,0.515013238543957,0.03352251319390942,0.6488901580974374,0.5469568577199604,6
rugged+area+costwork,3,0.22002981248625722,0.08067112382934183,12.872618699264304,0.2513866022203053,0.03087203833116403,0.37171441215932344,0.4315755241173981,0.303671587974561,0.07612682511237079,14.09926539448513,0.5393137193679884,0.0369776646216633,0.7364499644969564,0.5295963793810351,6
geo+area,2,0.1952680733516791,0.09331419003780406,12.0954558382685,0.3292204862609025,0.033829995795567,0.2146171943968872,0.41789821121270604,0.2926856036436934,0.07263793865324009,13.673290674649278,0.39018741444585203,0.035834762562505285,0.4856037437307462,0.5228165593004183,6
geo+rugged+costwork+burden4,4,0.2943735037694698,0.017118134147080966,11.651711645037174,0.22022429574665092,0.011495070255091333,0.09455246282115803,0.6306462881816053,0.283415946718666,0.03935781954989359,12.95951683755705,0.661873397068445,0.015201705664351417,0.6581343686283647,0.611876138185141,6
geo+rugged+workload+burden4,4,0.28996166797774275,0.01840400323778102,11.400794452040902,0.1898874925423637,0.011107726773845972,0.07003763328997081,0.6248005121971301,0.2879588402991052,0.04064620466484592,12.71545930919543,0.6405216137071457,0.015183374547440343,0.5798620377637882,0.6159796242610317,6
geo+area+costwork+burden4,4,0.30166160043463913,0.01618762629110493,11.499383932335505,0.27439182599822476,0.013119233479935044,0.11924072803280827,0.64602941722444,0.2891714748564706,0.03714368170765825,12.6198017054855,0.7631719768362755,0.01619116600455084,0.7395608633440987,0.6214052871704872,6
geo+rugged+burden4,3,0.1852830939999405,0.09555490708179493,11.016414810392128,0.5786495725125139,0.030350046325346547,0.3531301336207049,0.4464955053882232,0.26587649965857196,0.06989481790603991,12.528334304368787,0.4827265504236127,0.02704614483721679,0.6656734377936451,0.5374182996892936,6
geo+area+workload+burden4,4,0.298898145080273,0.016997110245417613,11.222800789358482,0.23636440124195524,0.01269663994089365,0.08883921132202932,0.6434102654822387,0.2948366926353692,0.03788776243390646,12.341507105238167,0.7451363738461947,0.016080024281262872,0.660811848731458,0.6276204870471813,6
net+area+workload,3,0.2933678174826823,0.020871608510218076,11.041397611891894,0.11483753885588377,0.012913679721012095,0.08825655817278621,0.6160627193207655,0.30856531220774275,0.04192351675277184,12.248644184215802,0.619277333482527,0.018098714014535222,0.5064576352532641,0.6212954363367779,6
net+raw+area+burden4,4,0.2823247767337376,0.02066166162209626,11.02491388666915,0.18030128216206065,0.013162398589945168,0.05211976718984124,0.6206832678854413,0.2963508731212563,0.04101750191986442,12.19327117293443,0.6949603758972398,0.017027570002251968,0.5076403492233286,0.6229063413431084,6
net+rugged+workload+burden4,4,0.2985717687593542,0.01846765174141929,10.95848990346625,0.19681753504884525,0.011131516399029318,0.06770790433946217,0.6373069811607367,0.300401456684364,0.04014440590496937,12.145080756476064,0.6847637467025915,0.015299890691150564,0.5755083198505893,0.6321614180314074,6
net+area+workload+costwork,4,0.2961381282435062,0.02000353262132526,10.984440290127123,0.20162683981015617,0.012581299960655823,0.056975586032835035,0.6241713254813284,0.3080127107139746,0.040892027857724944,12.131309865058356,0.7811429163008559,0.01729319019171549,0.5322971431274122,0.6273336929388519,6
net+raw+area+costwork,4,0.2961381282435073,0.020003532621325038,10.984440290127166,0.20162683981031293,0.012581299960656045,0.05697558603280373,0.6241713254813249,0.30801271071397435,0.040892027857725166,12.131309865058329,0.7811429163008559,0.017293190191715713,0.5322971431274122,0.6273336929388513,6
net+raw+area+workload,4,0.2961381282435068,0.020003532621325038,10.984440290127134,0.2016268398102079,0.012581299960655823,0.05697558603280373,0.6241713254813266,0.3080127107139745,0.040892027857725166,12.131309865058322,0.7811429163008559,0.017293190191715713,0.5322971431273569,0.6273336929388512,6
net+area+costwork,3,0.2906719607064841,0.02117111488543988,11.014454648270528,0.16167960667735715,0.013033363381875551,0.14171291011153575,0.6130271799014592,0.3078550551299091,0.041454278016584745,12.112004363960947,0.5904723475097661,0.017729151668007814,0.5585038270279596,0.6237588878666241,6
geo+net+area+burden4,4,0.2900881509399772,0.019352583400890966,10.946125118574873,0.1921852093065498,0.012553212146018122,0.05914045346022556,0.6308005690292517,0.2995731585246776,0.040061909690429554,12.088007774401767,0.7097731779351342,0.016445567068184008,0.5440732796756627,0.6293227861657819,6
geo+net+area+costwork,4,0.30026023681191827,0.019163514145416283,10.928647459438404,0.2099961035633121,0.012272532399951519,0.06340661879446585,0.6326209318812793,0.30788619157785324,0.040166051603214736,12.056521681880948,0.7750489856393633,0.016740797159288112,0.5622981390947186,0.6316858204051541,6
geo+net+area+workload,4,0.29897753383705383,0.01909363226137306,10.917208394271508,0.2074219359162336,0.01225747625996565,0.062842085600612,0.6329215108875926,0.3069204445020849,0.04004712100187535,12.046279091673906,0.766016432546222,0.01664013888284477,0.5605911626779385,0.6319341437421011,6
geo+area+workload+costwork,4,0.29638211070796616,0.021063853535991717,10.870371806427986,0.1901915612368148,0.012285736068140762,0.05141045103433661,0.6208588555496533,0.3121310257786898,0.04207340367331902,12.01230175276273,0.768264265676297,0.017416572191294,0.5015851751459048,0.6295834082944727,6
geo+raw+area+costwork,4,0.2963821107079687,0.02106385353599105,10.870371806427832,0.19019156123683945,0.01228573606814054,0.05141045103432962,0.6208588555496553,0.3121310257786888,0.042073403673319465,12.01230175276266,0.7682642656764325,0.017416572191294222,0.5015851751459048,0.6295834082944691,6
geo+raw+area+workload,4,0.29638211070796733,0.021063853535991495,10.870371806427906,0.19019156123683945,0.012285736068140762,0.05141045103433661,0.6208588555496543,0.3121310257786891,0.04207340367331969,12.012301752762625,0.768264265676297,0.017416572191294444,0.5015851751459048,0.6295834082944687,6
geo+area+burden4,3,0.19392994932739518,0.08573660274874162,10.662649288954565,0.6157659428213684,0.030189433318102754,0.39980265701567796,0.46663130087580756,0.27596602819873545,0.06422637534990283,11.965805219061153,0.578712418992837,0.02756305154678862,0.7540208460406588,0.551969586593645,6
net+area+workload+burden4,4,0.3027875914060565,0.01775159786376479,10.845209072618333,0.21652456379766583,0.011840335536654978,0.07500416593710235,0.6461580051978534,0.30358841094487005,0.03881823730260092,11.949066435329126,0.7318802814228418,0.015686240536966434,0.6093759333715947,0.6376099547102029,6
net+rugged+area+workload,4,0.3044395779821537,0.01700385149920791,10.82539376102389,0.22169286792071208,0.011657146428020626,0.08487209865536416,0.6534365562219948,0.30021822828086187,0.038178016589910824,11.916677062455584,0.7031674023014057,0.015172357890118393,0.6406763051281599,0.639552434561956,6
rugged+area+costwork+burden4,4,0.31057997058951936,0.017082845905035393,10.82493690580927,0.23779960383102794,0.011633881009363245,0.09039889542934287,0.6545020713992927,0.30450031837150693,0.03827938473384185,11.911394371382816,0.7436669823879947,0.015372107328063711,0.6557716611646482,0.6402021132613519,6
net+rugged+area+costwork,4,0.3105698345489182,0.01714971065724269,10.814617367464253,0.23644414548522963,0.011614099462438743,0.08918242935914167,0.6542191666247309,0.30492899653315053,0.03835510494604755,11.90105528199758,0.7439188684504741,0.015384031977405899,0.6520699854700533,0.6404521697519698,6
net+rugged+area+burden4,4,0.31040018258947794,0.017136636397212524,10.813686715987203,0.23598200265833813,0.011610482385457699,0.08905880725270532,0.6542541184336541,0.3048057561549833,0.0383393921923989,11.900167486024074,0.7426790983765502,0.01537210832729241,0.6518399904887817,0.6404838523742917,6
net+area+costwork+burden4,4,0.3107406476728767,0.01711634361680603,10.81317278447275,0.23698791997975033,0.011604645934868207,0.08981698456268339,0.6545862004364756,0.3048276364472072,0.03832489141447426,11.899030760537066,0.7430862411362726,0.015361362909040333,0.6537902941680926,0.6405550350729592,6
net+rugged+costwork+burden4,4,0.31092530379465033,0.01708953772724464,10.806527894717306,0.23816122918851024,0.011643340357934129,0.09027708154632474,0.654983810729648,0.30496855879639945,0.038266709022310774,11.888449705869931,0.7454749267734202,0.015383993107145333,0.6555153915312486,0.6407931493435263,6
rugged+area+burden4,3,0.19472948697749734,0.09359281861128799,10.543116698404756,0.6014537736950774,0.030099007713791037,0.3667319852347193,0.45544763777987757,0.28675242143275775,0.06779266874010625,11.788054164786391,0.5688918275864958,0.027948309424450812,0.6954837470648743,0.5581202584286495,6
net+area,2,0.2903773425769577,0.021165338186849292,10.516784352225562,0.08403020194901911,0.013032436240375311,0.050151192673245415,0.6130448956726783,0.309591720224375,0.041831269423900475,11.778592331802901,0.3589990098183863,0.018018682430558597,0.2807673109148392,0.6225896450949446,6
rugged+area+workload+burden4,4,0.3048212563845268,0.01867175839503954,10.621407434275197,0.20164421552819645,0.011274924734822056,0.06558018601681281,0.645792045954262,0.30991107942591734,0.039975104632336,11.71719144895214,0.7187267072185493,0.015555266318632022,0.5686312213146674,0.6436930350684605,6
net+rugged+workload,3,0.27213487578183093,0.02679864522541875,10.577905224639204,0.3497614656821937,0.010818996223091348,0.6986653413129764,0.5707049535674568,0.29547086080501245,0.04729931428947265,11.701245169216296,0.520947975845013,0.0166497583536529,0.9168820957080298,0.60238713877601,6
net+area+burden4,3,0.29648549007972663,0.01846204730885459,10.28155218181018,0.2163085786015666,0.012148677060022761,0.10668155185369421,0.6387490506990315,0.30353360788942113,0.03883667060355167,11.389958671804266,0.5440007211726701,0.015698394406270744,0.5208684448119429,0.6374843730227489,6
geo+costwork+burden4,3,0.28884985339655184,0.01798213075568844,10.013468407414292,0.3663085644580115,0.01074280544724715,0.11310664465283149,0.6192344889126007,0.2841411035918063,0.0390815173726895,10.983224164576775,0.9114690643582564,0.01528615066868877,0.681366085431635,0.6131142655192618,6
net+rugged+costwork,3,0.2706061425055546,0.026762776695458346,9.78811305371943,0.8216248792897015,0.010815920120119893,0.9726228606375774,0.5709242092153898,0.2971193328871394,0.04578222939344401,10.845028339350462,0.661253109248168,0.016299499641102777,0.9452485209893929,0.6088711661300428,6
geo+workload+burden4,3,0.28544025495600917,0.019241079819421802,9.743146941780829,0.32582042736491323,0.010603913684141819,0.08986751326787912,0.6155182582926059,0.28994601408163867,0.03985942914843332,10.703778464893329,0.9065834786750371,0.015362230300853152,0.5979310392528935,0.6194037843998641,6
net+dist+burden4,3,0.25187250121147453,0.028872506272335174,9.65568085801675,0.23482398087382617,0.013874569514637836,0.05292030944723658,0.5705043678661472,0.284213057780276,0.04526640394566894,10.69586496305771,0.7972468318007049,0.018378921959543604,0.3843995819697825,0.5999693979412499,6
net+rugged,2,0.2716434086031306,0.026875177671178863,9.571889783236353,0.9575003369558487,0.010823058139769248,0.922055226111909,0.5702091502653671,0.29947027775925156,0.04668987581579742,10.636403526497288,0.46497032997486254,0.01678575719034936,0.815560941706336,0.6059181879950357,6
net+raw+burden4,3,0.26894672991586255,0.024012423616017742,9.484761861796752,0.26291634103236683,0.011696911676098765,0.061936583548155344,0.5934271681295189,0.2924156876068045,0.042778418578136135,10.471025542722597,0.8570718555866388,0.01663985527778311,0.45199965984336454,0.6161400440686777,6
geo+net+burden4,3,0.2766676378769706,0.02234830528831977,9.415732197629659,0.27882102410355025,0.01098362118193541,0.067672316379214,0.6032758684933068,0.2954694495731658,0.0418437934269027,10.37513470444017,0.8835629036228041,0.016018558753418066,0.48794010177771696,0.6222773521005038,6
net+rugged+burden4,3,0.2844031599502666,0.020724576002655315,9.370010536460567,0.6539843812882038,0.011048811865711494,0.29490029793578143,0.6161069401860237,0.29983481630906395,0.04036554848542773,10.322255521176778,0.7654887039886789,0.015311083211987153,0.6853335320784447,0.6310844537425916,6
net+workload+burden4,3,0.2896543593835503,0.020206649464707294,9.304115381798836,0.31276976243709065,0.01014381900932726,0.08127318374124426,0.6188743383704979,0.29936557326309143,0.04056816570362831,10.215457806516557,0.9259402136988628,0.015206611998910269,0.557770348131541,0.6303778857887667,6
geo+raw+burden4,3,0.2696371695625547,0.025074949382517753,9.24738352431465,0.25656268421147854,0.011568590181810778,0.05902424190680888,0.5926705144655048,0.29713545945152153,0.04341857191274667,10.209602802881053,0.8630641772680011,0.01670018995077993,0.4324197116087034,0.620695925431448,6
net+costwork+burden4,3,0.2981172094281726,0.01924968300070784,9.230730140837736,0.3428598156430349,0.009864069253246788,0.0947454052863147,0.6280998914328759,0.300681981450655,0.0399970730438608,10.10945921841124,0.9502074765447023,0.014861950170344862,0.6107587934270489,0.6334658707007483,6
geo+net+workload,3,0.2839229830423451,0.022419760306390257,9.14683718515146,0.2876238248971392,0.0103744090126614,0.06837775442988359,0.6013876663936838,0.3015092741876371,0.042491543000417575,10.057257218114863,0.9428584503841143,0.01603207952827268,0.48820284004245074,0.6224910075307182,6
geo+dist+burden4,3,0.26030452814065935,0.02917843881004023,9.07715598973911,0.23547936192617447,0.012612904762913324,0.05201140550342209,0.5780979081669488,0.297652261618593,0.04551653958240154,10.043247153085478,0.8353756540382936,0.017738832777274505,0.3787102219878625,0.6162241859009518,6
geo+net+costwork,3,0.28498719318461496,0.022559412827396486,9.10743116255308,0.2888979201609696,0.010340490600032837,0.06844735462818918,0.6004949224962324,0.3022821086592594,0.04272457394427809,10.009685098728434,0.95169192050823,0.016102837004579484,0.4872095918152385,0.6218712815621579,6
net+raw+costwork,3,0.28011083285986715,0.02390209350882233,9.070376568034007,0.27433309892795865,0.010620622346243724,0.06270522390973321,0.5904416395912473,0.30203924461695375,0.043731364892626745,9.982163659842195,0.94631848516133,0.01662953790065247,0.4526888657472755,0.6167794042100809,6
net+raw+workload,3,0.28011083285986693,0.02390209350882233,9.07037656803398,0.27433309892791646,0.010620622346243724,0.06270522390973321,0.590441639591246,0.30203924461695386,0.043731364892626745,9.982163659842191,0.94631848516133,0.01662953790065247,0.4526888657472755,0.6167794042100809,6
net+workload+costwork,3,0.2801108328598658,0.023902093508822997,9.070376568033954,0.27433309892791646,0.010620622346243724,0.06270522390976208,0.590441639591243,0.30203924461695386,0.04373136489262652,9.982163659842145,0.94631848516133,0.016629537900652247,0.4526888657472755,0.6167794042100814,6
net+dist+costwork,3,0.26867896103101674,0.027364700360373195,8.999822501464676,0.24693022633416706,0.011481569115262324,0.053418697093594925,0.5671523847671192,0.3003095594072233,0.04610731580967187,9.93384158435464,0.9262416381261146,0.017996686052944577,0.3872659456319556,0.6037630166204732,6
net+dist+workload,3,0.2705330798307226,0.02780486981108865,8.939779395412048,0.24793074250722247,0.011500581331966409,0.05339426461497365,0.564364813782153,0.3015190969763548,0.046802530224167915,9.858332799705758,0.9389215572790889,0.01828534341524901,0.3847844503104608,0.6014661489487199,6
net+workload,2,0.27368722085609504,0.026484065139907198,8.948703171758577,0.22397136941990559,0.011172646493767813,0.4457660776394968,0.5727306247662578,0.30191494221250414,0.04582519469997015,9.839835464554328,0.7401855870262948,0.017736152749602274,0.8056169517737536,0.6064439318324788,6
geo+raw+costwork,3,0.2807863691086691,0.025190344756112593,8.851434884649338,0.2662716585261229,0.010624828391718966,0.05952977215970989,0.5880302296585627,0.3066461226030398,0.0447372264354311,9.739717093922785,0.9478921153376775,0.01692009627754243,0.4308929627448689,0.6198212027882689,6
geo+workload+costwork,3,0.28078636910866933,0.02519034475611237,8.851434884649397,0.26627165852616386,0.010624828391719632,0.05952977215966426,0.5880302296585542,0.30664612260303936,0.0447372264354311,9.73971709392267,0.9478921153376775,0.016920096277542207,0.4308929627449294,0.6198212027882704,6
geo+raw+workload,3,0.2807863691086687,0.025190344756112815,8.851434884649363,0.2662716585261229,0.010624828391719188,0.059529772159691685,0.5880302296585597,0.306646122603039,0.04473722643543132,9.739717093922666,0.9478921153376775,0.01692009627754243,0.4308929627449294,0.6198212027882681,6
net+costwork,2,0.2706957599711102,0.02671836294782448,8.751360001305429,0.5414484268330251,0.011310157674671473,0.8228078227288991,0.5711936339429416,0.3013650453404644,0.044901831529585046,9.61923508250223,0.7604338979542662,0.0172850154884443,0.7876657398596587,0.6104836849103799,6
geo+burden4,2,0.1955829657841172,0.08386685811974526,8.592957167190256,0.9945616923937087,0.030315237513940385,0.4232064532851608,0.47049108399592665,0.28125106622427,0.060930193339539196,9.580778282189486,0.6667434957555658,0.028325773411463917,0.6602858104770655,0.5592165543222269,6
geo+dist+costwork,3,0.2743381841484529,0.029014471843826772,8.594952378183926,0.243700051323525,0.011284061533025858,0.05218072510001148,0.5705458422668019,0.31017060372780936,0.04743233784857459,9.471589440152748,0.9328433234116048,0.018214153415111234,0.3756981711959442,0.6143099497100051,6
geo+dist+workload,3,0.2752606123757108,0.029325485086280523,8.569856064468388,0.2440448715484016,0.011347408481122256,0.052153780964220964,0.5687561241385723,0.3106823744464024,0.047876500575037007,9.439027176649654,0.937991150556328,0.018424576495994494,0.37413158422159176,0.6127158753103825,6
raw+dist+burden4,3,0.26961431249014,0.03026122363056105,8.527529975604217,0.23522383594216223,0.011665132882202611,0.0509349811717813,0.5838143147960132,0.31245784468288706,0.04657595402461823,9.414091691924083,0.8730727709958848,0.017568508217806977,0.3700077122094336,0.6319322341104534,6
net+burden4,2,0.28338026792478305,0.021141167015492845,8.437908357799868,0.39096899542726493,0.010492826758306428,0.13329904273270798,0.6115041798933118,0.2993192108314219,0.040584987725895694,9.239302828564785,0.8040351885125009,0.01521768424165959,0.4365412139473339,0.6302703506309959,6
raw+dist+costwork,3,0.2801967697949506,0.031403918506784034,8.223676033146536,0.23973378960434488,0.011391028761941868,0.05086269644969732,0.5725933260885876,0.32070436720551343,0.04935937999076234,9.042776214065508,0.9355000625094472,0.018807856682323987,0.3625844325515777,0.6243990035931253,6
raw+dist+workload,3,0.28019676979494873,0.0314039185067847,8.223676033146498,0.2397337896044186,0.011391028761941646,0.050862696449712974,0.5725933260885924,0.320704367205513,0.049359379990762564,9.042776214065496,0.9355000625094472,0.018807856682323987,0.3625844325517811,0.6243990035931248,6
dist+workload+costwork,3,0.28019676979494873,0.0314039185067847,8.223676033146404,0.23973378960434488,0.011391028761941424,0.05086269644969732,0.5725933260885927,0.3207043672055131,0.04935937999076345,9.04277621406543,0.9355000625094472,0.01880785668232443,0.3625844325515777,0.6243990035931243,6
geo+workload,2,0.23638546984246614,0.061261098688078386,8.058180508149606,0.20614512664277262,0.02331161648532265,0.3741926347299587,0.46123816702594644,0.3046370092131319,0.06794326668154804,8.90126946074603,0.7437541098681281,0.03295692940863071,0.7564891981945179,0.5403326180456126,6
geo+costwork,2,0.21357185350296956,0.07865388214541169,7.849181154193983,0.3191624707626337,0.029970191467177276,0.7488988039436452,0.42811475110891895,0.29995073645090486,0.07065995773942513,8.715644939565621,0.7530982738815252,0.036220112043352515,0.9964113801759548,0.5277420244025263,6
rugged+dist+costwork+burden4,4,0.34873272055849025,0.027134716011954607,6.989870835680229,0.24221237225930803,0.022344638063852784,0.050690352889133594,0.6750580797837403,0.37973267638582486,0.04577794827992898,7.513147688786303,0.9309211585249823,0.02845743726267913,0.44665058295171656,0.6891736691570584,6
rugged+burden4,2,0.23030695503479406,0.09613002403789772,5.962312116471697,0.46947524571610055,0.06112259766850059,0.1709016727565088,0.4448490478125876,0.35057493941062623,0.07430079022269531,6.351420317101779,0.6536106003096467,0.06657259531664028,0.4076855157241409,0.549749212072496,6
rugged+costwork,2,0.30245079330006874,0.05315855529383029,5.358701251853105,0.6348106503568474,0.04534859408442493,0.8157329046664943,0.5554859270368194,0.36708961198563156,0.0655584974536092,5.676558330342825,0.9007612316273437,0.05784238813556786,0.7414187105793484,0.6012039737651258,6
rugged+workload,2,0.34522947482770006,0.04011796147952462,4.977166812974607,0.26029721256280103,0.04723145183967148,0.47788047581665316,0.6591328266505557,0.39096543792710714,0.057144724399786906,5.23243915180818,0.830918153390982,0.05666347914432657,0.8393386613663087,0.6653947405653984,6
area+dist+burden4,3,0.24779204663406712,0.11925600850206242,14.369858266533262,0.09131075381296139,0.06187229716172693,0.027698760438813252,0.4165691139770929,0.3016690024131296,0.1231880043151301,16.240889101956274,0.4510892371683055,0.056539676926940396,0.2994537358777156,0.5078224886139371,5
area+dist,2,0.0693119559183133,0.6047408717561673,13.128316615308023,0.17538141182918154,0.6112199008720831,0.05919151650620591,0.1278409064990642,0.20767907142064385,0.24836934784745868,15.830100453291935,0.8951982261464949,0.13590753627266627,0.2758241657072781,0.3658890266136926,5
geo+rugged,2,0.1854073630104641,0.10757253948978218,12.992140658844818,0.29687525159812966,0.03628177404070421,0.18602617972298685,0.3947220379182914,0.28137305701799187,0.08035228556587404,14.949402793719543,0.28545375752875746,0.03568946535467021,0.3900249431764691,0.5066268904304999,5
rugged+area,2,0.19427126914668724,0.10311195565309283,11.879610803114815,0.31446703518292174,0.03579766267535356,0.20194157985534067,0.41156351293465765,0.29725461392692365,0.07691749853966101,13.413592887450681,0.3423549717769009,0.036501633602385564,0.44324885049874796,0.5271767178880794,5
net+rugged+dist,3,0.26157845708435734,0.03039190963664229,12.727653719397045,0.060224810971257425,0.011181337307174744,0.011869988861603953,0.5495982925401693,0.2904365470227092,0.05291584403445149,14.879028295612777,0.4022752693459114,0.018332087550240628,0.19542242056181158,0.5791721483884517,4
net+rugged+dist+workload,4,0.2629150823410593,0.030540506562995562,12.91868737868882,0.1260445657932776,0.01121810531788503,0.029922983351027166,0.5487167901716934,0.2895649670627073,0.052522793059648354,14.640292711724987,0.5756783470776401,0.01809354926908635,0.35092219082272114,0.5804137305246144,4
net+rugged+dist+costwork,4,0.2603895935901848,0.030323409428445913,12.584214918996043,0.12441886289369786,0.011181337647325984,0.029591243820825675,0.5501630287825362,0.28773692211403096,0.05204257726170414,14.298479153015405,0.5640762438932019,0.017802976544039284,0.34878490649545457,0.5816448013676123,4
net+raw+rugged,3,0.2817812269104579,0.023810935354837692,11.750222013078576,0.07773194647798354,0.010670889034838371,0.017587510485120084,0.5912925289742396,0.29917286547406674,0.046913824613980415,13.53331101625213,0.4767524772496078,0.01683235074761913,0.2621398474296912,0.6049758206034298,4
area+dist+costwork+burden4,4,0.2715222085805008,0.07155166314766848,12.308647173530128,0.10416681076129453,0.023829564658394364,0.020048466148432698,0.4991512338979691,0.3281591461771168,0.08484316185168028,13.445813785436181,0.47810108311304134,0.03169272192816308,0.23859425861311556,0.5879646166479426,4
geo+rugged+dist,3,0.27453976006712427,0.028434005275527197,11.576311906248483,0.06697719774511346,0.011305605999061275,0.013097609997923532,0.5740123158025632,0.3059815216587136,0.050470545181804605,13.321048359398894,0.4606105239357794,0.01841088501736099,0.21264700956442828,0.6034354866640596,4
net+rugged+dist+burden4,4,0.23920127762066837,0.033978246296873404,11.621240824475745,0.11374466531346283,0.013563674039902995,0.026953733801317936,0.5447364095571486,0.2680803222930954,0.05286951568693654,13.317884243996662,0.4828150954930571,0.018224750389083333,0.3201701229821249,0.5716122604882894,4
geo+rugged+dist+workload,4,0.27692761345945827,0.02872782343253988,11.899690850950147,0.13868053465137575,0.011420102758102901,0.03286985931523023,0.5721934289474592,0.30571943276573343,0.050341184112679294,13.308353286562902,0.6393230130323668,0.018322787002852392,0.37624387694542416,0.603897393644836,4
net+raw+rugged+costwork,4,0.2807228301801256,0.02373406809063483,11.74878814157222,0.1515456702906376,0.010662389515307069,0.041824816627788586,0.5916872136692888,0.2965583359338287,0.04618479303795309,13.201881645757688,0.628840455601545,0.016380479258468306,0.4397558631951336,0.6071321780606657,4
net+rugged+workload+costwork,4,0.280722830180125,0.023734068090635052,11.748788141572183,0.15154567029061794,0.010662389515307069,0.041824816627771266,0.5916872136692913,0.296558335933828,0.04618479303795353,13.201881645757677,0.6288404556016689,0.016380479258468306,0.4397558631950863,0.6071321780606658,4
net+raw+rugged+workload,4,0.28072283018012667,0.023734068090634608,11.748788141572206,0.15154567029061794,0.010662389515307069,0.041824816627788586,0.5916872136692894,0.29655833593382863,0.04618479303795309,13.201881645757659,0.628840455601545,0.016380479258468528,0.4397558631950863,0.607132178060664,4
geo+rugged+dist+costwork,4,0.27567154270809435,0.028539579844897744,11.759762747701052,0.13766516965077258,0.01134169330107726,0.03268975040625888,0.5732858780184233,0.304894427917911,0.05002644095078601,13.169865567812604,0.6328845989950589,0.018106478844009954,0.3754867746244489,0.6049502958118957,4
geo+raw+rugged,3,0.2838451943078272,0.024293873191655546,11.416815127198388,0.07740611677566167,0.010828182862816504,0.01685431168798268,0.5944073792217754,0.3047574267914643,0.04705611618481331,13.095022145398564,0.4900532891095045,0.017151743513801998,0.2555395333865458,0.6112896356464653,4
geo+net+rugged,3,0.2901519917124828,0.021600117215082815,11.333771895882876,0.08884990386662894,0.010708711854487074,0.021480236330654323,0.6089271363184636,0.30218038927899343,0.04453021781908251,12.965389038194544,0.5136616600323755,0.0163598424370337,0.30014342830646057,0.6152638735270652,4
geo+rugged+workload+costwork,4,0.28387015870652316,0.024296008916825595,11.539229592025846,0.15274143185174616,0.010828608574585896,0.04059831593181329,0.5943971618057812,0.3029134422561808,0.04645942333881781,12.913627260131594,0.6490091387764594,0.016762147000745964,0.4326097587714365,0.6132273176951902,4
geo+raw+rugged+workload,4,0.28387015870652366,0.024296008916825595,11.539229592025842,0.15274143185208922,0.010828608574585896,0.0405983159317177,0.5943971618057796,0.30291344225618144,0.04645942333881803,12.913627260131392,0.6490091387765857,0.016762147000746186,0.4326097587714365,0.6132273176951908,4
geo+raw+rugged+costwork,4,0.2838701587065242,0.024296008916825373,11.539229592025846,0.15274143185200884,0.010828608574585896,0.040598315931605344,0.5943971618057786,0.3029134422561812,0.04645942333881803,12.91362726013139,0.6490091387764594,0.016762147000745742,0.4326097587714365,0.6132273176951927,4
geo+net+rugged+costwork,4,0.28921722602519406,0.02152861550337848,11.441775785372206,0.16793474516654816,0.01069745113300935,0.04990945633496302,0.6092396151832017,0.2996620405879684,0.043868820783516504,12.790204801262696,0.6588590746840892,0.01594237250596886,0.48814067871754896,0.6172703581420164,4
net+raw+rugged+burden4,4,0.2664538796351108,0.024727575728710427,11.298875449295394,0.13898812561626772,0.011541827526113435,0.03854406061393234,0.5883343122231275,0.28435728119115944,0.04629755900995569,12.754120394282534,0.5616900168539647,0.01631670815460251,0.41611704819089457,0.6020540218514296,4
geo+net+rugged+workload,4,0.2878498645955034,0.02146644007936227,11.378267630654268,0.16615205721576753,0.01070237820844877,0.049474155324238045,0.6094858120373928,0.29861790777835096,0.043745359191013744,12.726492493373007,0.6509583922238857,0.015857215353599186,0.4862086462863727,0.6174214634688618,4
geo+net+rugged+burden4,4,0.2786367597622321,0.021861116422878357,11.170597738589958,0.15579677118706814,0.011137892520569848,0.04667429513058974,0.6072829184732308,0.2909392390317479,0.04376671974707236,12.522930814268332,0.6036988527326768,0.015764038007900716,0.46962343705416243,0.614386098934105,4
geo+raw+rugged+burden4,4,0.26952272679280465,0.02510924437739992,11.09168981121862,0.14021271034568294,0.011561324624075331,0.0376069649772538,0.5924200154978361,0.290740259923767,0.04626198960090777,12.477369172730857,0.5800084260718334,0.016458832658991396,0.41139623348595533,0.6095084817980948,4
geo+rugged+dist+burden4,4,0.25738404888769895,0.03028095408389042,11.044278814008262,0.12591045177666005,0.012510773134228437,0.030218806729909065,0.5721395802912065,0.288869530393017,0.04964537741234065,12.474058169061514,0.552456002838112,0.017585109634039142,0.353794738435117,0.6008133500975578,4
net+area+dist+burden4,4,0.26468441717223823,0.0246512239711858,11.23997409242737,0.15848439620248012,0.015036675292525503,0.040504894365243516,0.5962787382042901,0.2875659279675228,0.04365328912524724,12.474010936408604,0.6593999930156478,0.018666135382617854,0.4340035357760704,0.6057537935096406,4
net+area+dist+workload,4,0.28840011124911724,0.022430731131100057,11.216623323812772,0.1879463889008779,0.01354828420884191,0.046346133636116504,0.6023473750625358,0.3084724656426889,0.04310170006531089,12.410813712223296,0.8033560193423518,0.0190241935484301,0.471384047379073,0.6141347394309018,4
net+area+dist+costwork,4,0.28616341032781173,0.022189359663749464,11.139289630304258,0.18437747975963892,0.013440413439317567,0.04573596944771641,0.6039713839460886,0.3069325992289267,0.04267663230702423,12.336231383278294,0.7877529354119602,0.018684535472106578,0.4696800410383367,0.6157071115920545,4
geo+area+dist+workload,4,0.2910204453501308,0.024168546553964942,10.962515862936236,0.17143542667587508,0.012664401880811749,0.041303128601693384,0.6020703876332684,0.316011759346377,0.0450655286166286,12.1221666847814,0.7613043050992255,0.018765260074226298,0.4382745192297016,0.6223827683864269,4
net+area+dist,3,0.28577198689207606,0.02216851290186761,10.68016373545271,0.09661531714839688,0.013433843330036943,0.019222132200878983,0.6041434197570457,0.3084696860987143,0.04310055946929259,12.065137491949287,0.6532179750676337,0.019023451980581862,0.2837609258828222,0.6141386749799973,4
geo+area+dist+costwork,4,0.2898692549299839,0.023981232569594946,10.897861788896018,0.16994234213225345,0.012569964677014767,0.04105906708459672,0.603241173009069,0.3152860482870955,0.044770904526739486,12.060735678161015,0.754018309079471,0.01853899751738375,0.43771919387219105,0.6235498508159736,4
area+dist+workload+burden4,4,0.2824976416651144,0.04596587593723167,10.946600088069445,0.11668064235737674,0.013591723380104836,0.02445667156225817,0.5556241997899044,0.33279819862276994,0.06500281924611251,12.058083793067999,0.5530404319120041,0.022563023079541722,0.29435040487498576,0.6241467289997367,4
geo+raw+area+burden4,4,0.28243477091901836,0.021620503821886627,10.835819137450537,0.17133458750082942,0.012788544988413086,0.04734725650324456,0.6187920730894793,0.3004296823636574,0.04191964439737461,12.00195496388393,0.6851154429325372,0.016967210453743276,0.4798051072512751,0.626405758852024,4
geo+area+dist+burden4,4,0.2718403020763602,0.025267466866245814,10.749578643337077,0.15168898198363912,0.01342124915034848,0.03757255581334251,0.6015426684418715,0.2997179267168697,0.044523628940677185,11.949625997125974,0.654976016186956,0.017855129635175215,0.41442357911791594,0.6198334901961011,4
raw+rugged+area+costwork,4,0.29215195740275207,0.027067543878445344,10.80634428858833,0.15487793362081237,0.012008149396236734,0.03626203711241782,0.5976847713898917,0.3229673356874905,0.04816798305639436,11.936828926417343,0.7111019061386888,0.018865538165796947,0.4013174954474109,0.6284742289272967,4
rugged+area+workload+costwork,4,0.29215195740275296,0.027067543878444678,10.806344288588303,0.15487793362081237,0.012008149396236512,0.03626203711241782,0.5976847713898918,0.3229673356874917,0.04816798305639347,11.936828926417338,0.7111019061386888,0.018865538165796947,0.40131749544732265,0.6284742289272955,4
area+dist+workload+costwork,4,0.29215195740275435,0.027067543878444456,10.806344288588278,0.15487793362081237,0.012008149396236734,0.03626203711241782,0.5976847713898913,0.3229673356874909,0.04816798305639458,11.936828926417304,0.7111019061386888,0.018865538165798057,0.40131749544732265,0.6284742289272893,4
raw+rugged+area+workload,4,0.2921519574027521,0.027067543878445344,10.806344288588377,0.15487793362087277,0.012008149396236734,0.03626203711241782,0.5976847713898894,0.3229673356874909,0.04816798305639436,11.936828926417297,0.7111019061385566,0.01886553816579717,0.40131749544732265,0.6284742289272949,4
raw+area+dist+workload,4,0.29215195740275324,0.0270675438784449,10.806344288588368,0.15487793362081237,0.012008149396236734,0.03626203711241782,0.5976847713898918,0.3229673356874908,0.04816798305639369,11.936828926417268,0.7111019061386888,0.018865538165796947,0.40131749544732265,0.6284742289272977,4
rugged+dist+workload+costwork,4,0.292151957402754,0.027067543878444678,10.806344288588514,0.15487793362083235,0.012008149396236734,0.03626203711241782,0.5976847713898926,0.3229673356874909,0.048167983056395025,11.936828926417252,0.7111019061386888,0.018865538165796725,0.40131749544732265,0.6284742289273029,4
rugged+area+dist+costwork,4,0.2921519574027524,0.027067543878445344,10.806344288588296,0.15487793362081237,0.012008149396236734,0.03626203711241782,0.5976847713898927,0.3229673356874906,0.04816798305639414,11.93682892641725,0.7111019061386888,0.018865538165796725,0.4013174954474109,0.6284742289272989,4
rugged+area+dist+workload,4,0.29215195740275285,0.02706754387844512,10.806344288588294,0.15487793362081237,0.012008149396236512,0.03626203711242293,0.5976847713898933,0.3229673356874907,0.04816798305639414,11.93682892641724,0.7111019061386888,0.018865538165796947,0.40131749544732265,0.628474228927298,4
raw+area+dist+costwork,4,0.2921519574027527,0.02706754387844512,10.806344288588393,0.15487793362081237,0.012008149396236512,0.03626203711242293,0.5976847713898934,0.3229673356874902,0.04816798305639414,11.936828926417236,0.7111019061385566,0.018865538165796725,0.401317495447455,0.6284742289272971,4
raw+rugged+dist+costwork,4,0.2921519574027522,0.027067543878445344,10.806344288588475,0.15487793362087277,0.012008149396236512,0.03626203711242293,0.5976847713898948,0.32296733568749014,0.04816798305639414,11.936828926417151,0.7111019061386888,0.018865538165796947,0.4013174954474109,0.6284742289272995,4
raw+rugged+dist+workload,4,0.29215195740275374,0.027067543878444678,10.80634428858848,0.15487793362083235,0.012008149396236512,0.03626203711241782,0.5976847713898938,0.3229673356874904,0.048167983056393915,11.936828926417146,0.7111019061386888,0.018865538165796725,0.4013174954474109,0.6284742289272973,4
geo+area+dist,3,0.28797465952272855,0.02381302857808021,10.462327008501447,0.08590650913500908,0.012494702803404811,0.016835980156300945,0.604476551012011,0.31583930781464586,0.044983752017047074,11.826843006846639,0.5940362651812316,0.018703457139692237,0.25798341714141815,0.6227149956211407,4
net+raw+area,3,0.2960557369091102,0.019998000386439063,10.488890932687259,0.10969321810385246,0.012579714961761468,0.02472500559347246,0.6242005003084561,0.30978239572732247,0.041344558537597775,11.81148777760706,0.6562242367528098,0.017635603620852036,0.3353104442966567,0.6257151861115631,4
geo+raw+area,3,0.29552265604767375,0.020994743849904518,10.408601042547984,0.10060990436551398,0.012260988521864302,0.021857695072239003,0.6212720383942774,0.31336784771627313,0.042449866825375215,11.733256476762168,0.6280204783789396,0.017699058916508026,0.30901279827537653,0.628172745540526,4
geo+net+area,3,0.30030235247288006,0.019166551402566956,10.419210030900581,0.11640083697638204,0.012273507088929492,0.0279530001993461,0.6326055713596539,0.3097436525189806,0.04062649279394215,11.718624927756805,0.6534262905140942,0.017080380527834782,0.3612956864680328,0.6300663644828732,4
raw+rugged+area,3,0.28853762087887136,0.026573333624732687,10.317125072292718,0.0755714002745359,0.011749101309257659,0.0145070556930752,0.6009700308338948,0.322574488851897,0.04794711600565327,11.67255819224837,0.5300004020258327,0.01869844597957715,0.23032843909556167,0.6293718476885966,4
rugged+area+dist,3,0.2885376208788689,0.026573333624733575,10.317125072292672,0.07557140027454756,0.011749101309257659,0.0145070556930752,0.6009700308338933,0.32257448885189755,0.047947116005653045,11.672558192248324,0.5300004020256837,0.01869844597957715,0.23032843909556167,0.6293718476885972,4
raw+rugged+dist,3,0.2885376208788714,0.02657333362473291,10.317125072292779,0.0755714002745359,0.011749101309257881,0.01450705569307742,0.6009700308338961,0.322574488851898,0.04794711600565282,11.672558192248315,0.5300004020258327,0.01869844597957715,0.23032843909556167,0.6293718476885968,4
raw+area+dist,3,0.288537620878871,0.02657333362473313,10.31712507229271,0.07557140027454756,0.011749101309257659,0.01450705569307742,0.6009700308338954,0.3225744888518978,0.04794711600565238,11.672558192248284,0.5300004020258327,0.018698445979576928,0.23032843909556167,0.6293718476885977,4
raw+rugged+dist+burden4,4,0.2783685998901176,0.027100643189112317,10.412228045563795,0.14337778558254666,0.01206944992821457,0.034231940417358664,0.6017455309879326,0.31202977469201504,0.046784493978527575,11.58175272217487,0.6426117740468522,0.017557523610866266,0.38902105015516053,0.6311734235531008,4
raw+area+dist+burden4,4,0.2783685998901169,0.02710064318911254,10.412228045563864,0.14337778558252778,0.012069449928214793,0.034231940417358664,0.6017455309879275,0.3120297746920148,0.046784493978527575,11.581752722174816,0.6426117740468522,0.017557523610866044,0.38902105015524757,0.6311734235531015,4
rugged+area+dist+burden4,4,0.2783685998901152,0.027100643189113205,10.412228045563616,0.14337778558248981,0.012069449928214127,0.03423194041736333,0.6017455309879373,0.3120297746920147,0.0467844939785278,11.581752722174768,0.6426117740468522,0.017557523610866266,0.38902105015524757,0.6311734235531016,4
raw+rugged+area+burden4,4,0.2783685998901166,0.02710064318911276,10.412228045563687,0.14337778558248981,0.012069449928213904,0.034231940417358664,0.601745530987939,0.31202977469201415,0.04678449397852824,11.58175272217468,0.6426117740468522,0.017557523610866266,0.38902105015511923,0.6311734235531008,4
net+rugged+area,3,0.3108971430188201,0.017177042136992116,10.277433477352698,0.13938039845293426,0.011622296350630279,0.04137695823820575,0.654137448978532,0.30695755985929846,0.03882025208059514,11.527459371726437,0.6270296124683654,0.01570043478424088,0.44463427095912744,0.6388983513806936,4
net+dist,2,0.26930138713853213,0.02748112429053906,8.59911959197179,0.09527999397193287,0.011473350077915168,0.015497463505291686,0.5663419240682808,0.3017982683903814,0.04706237012245462,9.512899462820785,0.7540591198223319,0.018402073976973687,0.16971476613081238,0.6005301539967653,4
geo+net,2,0.2859035968936351,0.022725890318275876,8.638564130612817,0.11773270756646614,0.01033087164835278,0.020593628665657948,0.5995002790577147,0.30395444398613364,0.04366518457955415,9.509857879802338,0.8862777654898893,0.016456320148424908,0.2318009689445727,0.6186568119499997,4
net+raw,2,0.28094985886538254,0.024056540144998584,8.621575522455705,0.10967739307570423,0.010611021366392137,0.01861275772791482,0.5894768910477521,0.30366869632009796,0.04468422760695612,9.506073447993844,0.8428902491446879,0.01700164516473368,0.20932865661508915,0.6135352200276681,4
geo+raw,2,0.2808888383129355,0.025212194575694458,8.442399921581792,0.10497159488452079,0.010625349710621457,0.017530180526280303,0.5878922504798738,0.3077769249600196,0.04551917126302363,9.311559219920255,0.815693444048305,0.017250633492559952,0.1963303321764055,0.6170689653642412,4
geo+dist,2,0.2735347106281104,0.0288119440376291,8.251407272559993,0.09324064962731105,0.011261419274622098,0.015100873913166057,0.5718221960348163,0.3107308565752329,0.047930280817022775,9.120876671630054,0.740265000842872,0.01845077855089161,0.16426652785605933,0.6125156760924942,4
net,1,0.27149871982233076,0.026799529479543116,8.297852593765946,,0.01129008257454589,,0.5706243624188159,0.30299726793590837,0.045775162774895684,9.112809149665242,,0.017625458099437274,,0.6076967016926259,4
raw+dist,2,0.2778679236124368,0.030616351381670848,7.925888369989965,0.09107277430056648,0.011195579882202766,0.014693916612318891,0.5772020762687354,0.320521713851235,0.0491072796748282,8.751058502148474,0.7251598995963786,0.018676067307515254,0.15850160550903292,0.6253604256521246,4
rugged+dist+workload+burden4,4,0.3325896598465162,0.02440229795442872,8.077856310997303,0.2115419627238877,0.016184216080491032,0.04618217299691019,0.6653054847683586,0.36712172656640774,0.043521832366896884,8.743466331765916,0.8871333637789783,0.02231011686204587,0.450522236447953,0.6883476366198658,4
geo,1,0.19537305792653875,0.0931633608132103,7.662235952051252,,0.03381402860969884,,0.41817614780139134,0.296009032752248,0.0699681934393852,8.584647842811899,,0.03606793994816582,,0.5278394567159304,4
dist+workload+burden4,3,0.2930906309638554,0.04044649389739208,7.492151856608713,0.2266964374597008,0.013049532750147641,0.0474449992064776,0.577324435149713,0.3501502158413704,0.05553832311160045,8.184304717902547,0.9184676997683022,0.021472159787993217,0.32911439074990934,0.6545328522732592,4
raw+rugged+workload,3,0.263167249933041,0.07316733020436939,7.4953854737092644,0.07074471725107812,0.052097727633127144,0.019994356337780128,0.47914288431102803,0.3409071750352416,0.07852576029011571,7.995048702618807,0.569982892882422,0.06628762923126352,0.2708748142066437,0.5361211209718233,4
raw+rugged+costwork,3,0.2631672499330387,0.07316733020437116,7.495385473709231,0.07074471725111087,0.05209772763312692,0.019994356337780128,0.47914288431102936,0.3409071750352418,0.07852576029011593,7.9950487026188,0.569982892882422,0.06628762923126352,0.2708748142066437,0.5361211209718226,4
rugged+workload+costwork,3,0.2631672499330372,0.07316733020437227,7.495385473709081,0.07074471725113263,0.0520977276331287,0.019994356337780128,0.4791428843110231,0.34090717503524276,0.07852576029011571,7.995048702618731,0.569982892882422,0.06628762923126352,0.2708748142066437,0.5361211209718246,4
dist+costwork+burden4,3,0.29980796513072744,0.05249168222320755,7.311604189374659,0.21697740619287986,0.018805015903403666,0.04554233882226599,0.5560047353555501,0.361515754311361,0.06507725935568298,7.934952137829331,0.8769775115047157,0.027768756111365756,0.29897991674134516,0.6450075811429115,4
raw+rugged+burden4,3,0.24759244433273,0.08110137221388314,6.282469146196645,0.06505705510635673,0.0546085485428176,0.017806403819163097,0.47267670769541276,0.3490522585987525,0.07493977901470728,6.798805957788366,0.5568009391311666,0.06722050947965297,0.2471215130318798,0.5466019855324347,4
rugged+workload+burden4,3,0.30278807319434453,0.052096498048535,6.097751916162617,0.10439687891817517,0.04501019758950964,0.030811510757763227,0.5626139299069502,0.367846166937648,0.06644705560661035,6.508319313093286,0.7368735469184586,0.05892047282089252,0.3738125187571928,0.5944821796244084,4
rugged+costwork+burden4,3,0.3211237477966921,0.04688325692429074,6.119555791944474,0.13335047021139235,0.04482193289767644,0.04175328314001592,0.5932090404677729,0.3684537146864828,0.06481797270688028,6.4876965707387715,0.8110806550229648,0.057498226177684186,0.4481982170310631,0.6057362140623503,4
rugged+dist+burden4,3,0.35107422254040155,0.028284304536092097,5.852116354730121,0.13308038359683694,0.024460860456226863,0.021588252017512355,0.6745528833737032,0.3801954096104175,0.04886948930443413,6.225806608329093,0.8020444514416062,0.03401367347775963,0.26795188785553936,0.6779803702919565,4
rugged+dist+costwork,3,0.3617493150322359,0.032403574965283344,5.3813342303367016,0.14384831467748704,0.03537078624253054,0.022783974338257407,0.6869101459999433,0.38426393738208164,0.05262640000314178,5.673388677980583,0.8114827285127868,0.044775434951103366,0.26465767333708135,0.6743766669456127,4
rugged+dist,2,0.37083599150363605,0.03356402067973807,5.141546865957381,0.057124301978000336,0.049493417345227275,0.006578016514300233,0.7940306153862933,0.4035411580119553,0.049763686190658296,5.417856645672719,0.5990887209276247,0.05023157897999919,0.11209737754271443,0.7585155655997062,4
rugged+dist+workload,3,0.37656173331725107,0.032457642544531984,5.136820430450038,0.1588023476774505,0.044205281374037675,0.02435123166215103,0.738384475168136,0.40027837158860574,0.051287589027795066,5.396497194883463,0.8601044671441991,0.0504813273760516,0.2747375866471593,0.712230582433016,4
rugged,1,0.2663965457984575,0.07191840139352879,4.694457434189317,,0.06577920164165918,,0.5852177377274228,0.3767471843778497,0.06085174947272032,5.0242284094930145,,0.06566303561383124,,0.644822218195311,4
raw+area+burden4,3,0.12670010007489857,0.33164971324443826,13.263945679762035,0.29276661717502894,0.2640235355385929,0.5855336177325567,0.22727509241694283,0.2606830284224873,0.1536153517036074,14.95787559772914,0.5267523097216407,0.09464739608029338,0.8694987376956758,0.4104735186327112,3
area+costwork,2,0.2185321493395277,0.20030266056349477,13.278318226514283,0.1192099617910285,0.16390003669145248,0.2896003074581244,0.33371142871575,0.2616746200510216,0.1790451207822379,14.849859088810955,0.413862257114076,0.08545532634180741,0.6791958146864547,0.4454930271000952,3
dist+burden4,2,0.29515316068380015,0.0888470656413598,7.107213303359265,0.08887151166544838,0.05168402829316876,0.017099912568240283,0.48948620479729,0.34933426956402114,0.10017178517331438,7.804535361956849,0.6845027422503346,0.06083724736265084,0.17019169963623948,0.562979969794926,3
raw+rugged,2,0.19235243241172562,0.1508837083050223,5.366047711948088,0.0217402788890646,0.08676818139353037,0.007072743893181466,0.42837246404485085,0.3302885257756245,0.0787544310156707,5.899984647222735,0.28760623830590526,0.07851751152428244,0.1147037432689425,0.5257290932855223,3
raw+area,2,0.08507298743516702,0.48999792751087234,12.404866457020043,0.8205920060864762,0.3800326775264744,0.9332433739021938,0.1804686810504836,0.24624989113862306,0.16472172097251225,14.40292376969741,0.6277589211161589,0.10159351666683514,0.9744147072963956,0.395167359067432,2
area+workload,2,0.14158569636346766,0.3515000035538387,10.988301713738588,0.15007336539331517,0.3366602928330895,0.26096160854129624,0.23690415002455065,0.21766838694104784,0.23114577012388482,12.574629061306414,0.6504128059231552,0.10198575546409039,0.6653102697066733,0.4093066760682369,2
workload+costwork,2,0.19095421167762083,0.19185068876377942,7.325092166892057,0.18350206327237273,0.15844282782553432,0.2832606976266503,0.31142494111660723,0.30486844094491466,0.12243566981901877,8.075632699478218,0.7436611602848502,0.10653659144081074,0.6803491923707741,0.44162872875031534,2
raw+costwork,2,0.19095421167762122,0.19185068876377898,7.3250921668920554,0.18350206327237273,0.1584428278255301,0.2832606976266503,0.31142494111661023,0.30486844094491505,0.12243566981901877,8.075632699478192,0.7436611602848502,0.10653659144081074,0.680349192371273,0.4416287287503156,2
raw+workload,2,0.19095421167762097,0.1918506887637792,7.325092166892075,0.18350206327237273,0.1584428278255321,0.28326069762671446,0.31142494111660857,0.3048684409449155,0.12243566981901788,8.075632699478184,0.7436611602848502,0.1065365914408114,0.680349192371273,0.441628728750315,2
costwork+burden4,2,0.22232411224906826,0.17886129562640507,7.373017397475215,0.19610035952141835,0.16335256350130134,0.2596216449017196,0.34060641904220257,0.3287383454483761,0.1292471802828139,8.050521161380917,0.8543664260640498,0.11380040754504184,0.732394961435779,0.4683944344281,2
workload+burden4,2,0.20112480724492537,0.20184519174846227,7.075077185946843,0.18539592273076744,0.18139972758803502,0.27829491923896654,0.31455003623435657,0.32506386407529464,0.1276742643635167,7.758517494131952,0.7628942619930101,0.11499566261455274,0.6889002156033932,0.4597260247583802,2
raw+burden4,2,0.1559000584050899,0.27105680626808026,6.663212571039642,0.1747076619981166,0.2252410150268771,0.3279298546745749,0.26465041605142564,0.30667955965907717,0.12629422353362552,7.366565626084743,0.6024091290626568,0.11869938619468212,0.6215239315534158,0.43362987081155235,2
dist+workload,2,0.12496775824427273,0.6668049295925738,5.808640903220973,0.12855502050408996,0.9201639514524214,0.09014979336853868,-0.057023000593160095,0.29998782025786885,0.38203127610018983,5.653843077414248,0.7226494921543019,0.7960067042239074,0.41744908982342477,0.1374995579094771,2
area,1,0.10253890302660658,0.4636566393933501,10.58004821852634,,0.44230967376074126,,0.1907697849341549,0.2105794439548101,0.23887648357553948,12.293357836623528,,0.10874681870707281,,0.39892426974931305,0
burden4,1,0.19492803504948705,0.20947162279276466,6.772687579044119,,0.18690447326992743,,0.3072721567390459,0.3266230823033618,0.1281125566970045,7.535384145997013,,0.11460010423503042,,0.46275217899649845,0
dist+costwork,2,0.2615534116809222,0.21568091480757579,6.487441888942133,0.0999632069621259,0.2799632331756401,0.026906891446593084,0.33999259657732844,0.3261845445018956,0.18875380532927366,6.803587403994351,0.7149720567111529,0.21544100857349635,0.23011265992792518,0.4240773946657439,0
raw,1,0.07155851313294881,0.6004755930661791,5.776145491662347,,0.4410051673140012,,0.17249340832110072,0.27806549407243164,0.1437391318810537,6.433968723846588,,0.15401760956290667,,0.3918148543207203,0
costwork,1,0.3599615274068187,0.1456431277503607,4.872161122518565,,0.15097821985975313,,0.5080647519723117,0.3505442515618633,0.17509124735306614,5.121371572702286,,0.15056624711564237,,0.5264920002245084,0
dist,1,-0.5496623468679144,0.2878499039858913,2.988541753033357,,0.2902782803719779,,-1.0462827293986607,0.1465171195248498,0.7135733506241699,2.9553384545017023,,0.6569678674142283,,-0.3319472386854678,0
workload,1,1.0896111686408223,0.2936959438935052,1.175920238803188,,0.31432326981151526,,1.356974523538141,0.5460940995289629,0.4549921155574532,1.066990809490033,,0.42286815433659375,,0.8897496516137107,0
