level,sample_scope,fe,family,outcome,label,controls,term,b,se,p,N,clusters,mean_y,status
village,mech,stackyear,aggregate-reallocation,any_rentin,Share renting in,none,low-instability DID,0.026511295009122825,0.027486655852705898,0.3347877345216983,432,149,0.12556595818638297,ok
village,mech,stackyear,aggregate-reallocation,any_rentin,Share renting in,none,high-minus-low differential,0.05336314697788383,0.07758056107321622,0.4915524572019052,432,149,0.12556595818638297,ok
village,mech,stackyear,aggregate-reallocation,any_rentin,Share renting in,none,high-instability total,0.07987444198700666,0.0725461035831299,0.2708895664115156,432,149,0.12556595818638297,ok
village,mech,provyear,aggregate-reallocation,any_rentin,Share renting in,none,low-instability DID,-0.0423513202534001,0.08985766113155583,0.6374153549849024,420,146,0.12556595818638297,ok
village,mech,provyear,aggregate-reallocation,any_rentin,Share renting in,none,high-minus-low differential,-0.005744522972148801,0.08756940620056804,0.9476965625495075,420,146,0.12556595818638297,ok
village,mech,provyear,aggregate-reallocation,any_rentin,Share renting in,none,high-instability total,-0.0480958432255489,0.12463233368786197,0.6995693896582371,420,146,0.12556595818638297,ok
village,mech,stackyear,aggregate-reallocation,any_rentin,Share renting in,baseline_bundle,low-instability DID,0.031107994854718997,0.03686268794872982,0.39873176934335575,368,130,0.12556595818638297,ok
village,mech,stackyear,aggregate-reallocation,any_rentin,Share renting in,baseline_bundle,high-minus-low differential,0.07616443581554383,0.1349646396617054,0.5725303713039445,368,130,0.12556595818638297,ok
village,mech,stackyear,aggregate-reallocation,any_rentin,Share renting in,baseline_bundle,high-instability total,0.10727243067026282,0.129633735892627,0.40795147470377513,368,130,0.12556595818638297,ok
village,mech,provyear,aggregate-reallocation,any_rentin,Share renting in,baseline_bundle,low-instability DID,-0.03525576225943938,0.10337101180269645,0.7330580855986719,350,125,0.12556595818638297,ok
village,mech,provyear,aggregate-reallocation,any_rentin,Share renting in,baseline_bundle,high-minus-low differential,0.024000300938246663,0.1133504026368278,0.8323134132564598,350,125,0.12556595818638297,ok
village,mech,provyear,aggregate-reallocation,any_rentin,Share renting in,baseline_bundle,high-instability total,-0.01125546132119272,0.15179635651367318,0.9408922807407453,350,125,0.12556595818638297,ok
village,mech,stackyear,aggregate-reallocation,asinh_rentin,Mean asinh rented-in area,none,low-instability DID,0.048940079398582824,0.05353509432998632,0.36062848479584897,432,149,0.28975631545991604,ok
village,mech,stackyear,aggregate-reallocation,asinh_rentin,Mean asinh rented-in area,none,high-minus-low differential,0.22085782043583146,0.23925682678652532,0.355955435202967,432,149,0.28975631545991604,ok
village,mech,stackyear,aggregate-reallocation,asinh_rentin,Mean asinh rented-in area,none,high-instability total,0.26979789983441427,0.23402886333306433,0.2489759488349842,432,149,0.28975631545991604,ok
village,mech,provyear,aggregate-reallocation,asinh_rentin,Mean asinh rented-in area,none,low-instability DID,-0.04586033715295906,0.1590593953909362,0.7731002001763552,420,146,0.28975631545991604,ok
village,mech,provyear,aggregate-reallocation,asinh_rentin,Mean asinh rented-in area,none,high-minus-low differential,0.08651971232586819,0.2315088901351487,0.7086119693086608,420,146,0.28975631545991604,ok
village,mech,provyear,aggregate-reallocation,asinh_rentin,Mean asinh rented-in area,none,high-instability total,0.04065937517290913,0.27410543594860504,0.8820785522675676,420,146,0.28975631545991604,ok
village,mech,stackyear,aggregate-reallocation,asinh_rentin,Mean asinh rented-in area,baseline_bundle,low-instability DID,0.03723622757747394,0.06889515049426567,0.5888682853179863,368,130,0.28975631545991604,ok
village,mech,stackyear,aggregate-reallocation,asinh_rentin,Mean asinh rented-in area,baseline_bundle,high-minus-low differential,0.39925341688256677,0.46367736407868626,0.3892057277316968,368,130,0.28975631545991604,ok
village,mech,stackyear,aggregate-reallocation,asinh_rentin,Mean asinh rented-in area,baseline_bundle,high-instability total,0.4364896444600407,0.45786383981014206,0.34042919049637177,368,130,0.28975631545991604,ok
village,mech,provyear,aggregate-reallocation,asinh_rentin,Mean asinh rented-in area,baseline_bundle,low-instability DID,-0.016339505684942836,0.17186329626864139,0.9242570909606287,350,125,0.28975631545991604,ok
village,mech,provyear,aggregate-reallocation,asinh_rentin,Mean asinh rented-in area,baseline_bundle,high-minus-low differential,0.3102045690074091,0.33570545384939765,0.35546657360331313,350,125,0.28975631545991604,ok
village,mech,provyear,aggregate-reallocation,asinh_rentin,Mean asinh rented-in area,baseline_bundle,high-instability total,0.29386506332246626,0.37433008037977034,0.4324285862440316,350,125,0.28975631545991604,ok
village,mech,stackyear,aggregate-reallocation,rentin_mu,Mean rented-in area,none,low-instability DID,-0.009946745801810148,0.3023710323630026,0.9737576589029173,432,149,1.6180180086990357,ok
village,mech,stackyear,aggregate-reallocation,rentin_mu,Mean rented-in area,none,high-minus-low differential,8.514676176136275,7.647155013814949,0.26551793773533405,432,149,1.6180180086990357,ok
village,mech,stackyear,aggregate-reallocation,rentin_mu,Mean rented-in area,none,high-instability total,8.504729430334464,7.663631927502974,0.26710598878670144,432,149,1.6180180086990357,ok
village,mech,provyear,aggregate-reallocation,rentin_mu,Mean rented-in area,none,low-instability DID,-0.005214901227958039,0.3625226199807483,0.9885227970631499,420,146,1.6180180086990357,ok
village,mech,provyear,aggregate-reallocation,rentin_mu,Mean rented-in area,none,high-minus-low differential,8.189773850260787,5.606722603409509,0.14409611712336132,420,146,1.6180180086990357,ok
village,mech,provyear,aggregate-reallocation,rentin_mu,Mean rented-in area,none,high-instability total,8.184558949032828,5.57578920504048,0.14213830831185642,420,146,1.6180180086990357,ok
village,mech,stackyear,aggregate-reallocation,rentin_mu,Mean rented-in area,baseline_bundle,low-instability DID,-0.248587407607298,0.39833294279259357,0.5325819973208752,368,130,1.6180180086990357,ok
village,mech,stackyear,aggregate-reallocation,rentin_mu,Mean rented-in area,baseline_bundle,high-minus-low differential,13.881008879205268,9.877924673053222,0.15994528862955093,368,130,1.6180180086990357,ok
village,mech,stackyear,aggregate-reallocation,rentin_mu,Mean rented-in area,baseline_bundle,high-instability total,13.63242147159797,9.854534188524951,0.16655285901699513,368,130,1.6180180086990357,ok
village,mech,provyear,aggregate-reallocation,rentin_mu,Mean rented-in area,baseline_bundle,low-instability DID,-0.2665809723093205,0.4550520626093556,0.5579929774232288,350,125,1.6180180086990357,ok
village,mech,provyear,aggregate-reallocation,rentin_mu,Mean rented-in area,baseline_bundle,high-minus-low differential,12.713281656167224,6.647181607584575,0.055801551855770286,350,125,1.6180180086990357,ok
village,mech,provyear,aggregate-reallocation,rentin_mu,Mean rented-in area,baseline_bundle,high-instability total,12.446700683857904,6.547727186444876,0.05731258963279535,350,125,1.6180180086990357,ok
village,mech,stackyear,aggregate-reallocation,any_abandon,Share abandoning/idling,none,low-instability DID,-0.027946964118414873,0.0321600252969176,0.3848487952120445,432,149,0.13488740745311364,ok
village,mech,stackyear,aggregate-reallocation,any_abandon,Share abandoning/idling,none,high-minus-low differential,-0.07654801158509253,0.12628800925610084,0.5444228551041299,432,149,0.13488740745311364,ok
village,mech,stackyear,aggregate-reallocation,any_abandon,Share abandoning/idling,none,high-instability total,-0.10449497570350741,0.12173852873818271,0.39069601046180347,432,149,0.13488740745311364,ok
village,mech,provyear,aggregate-reallocation,any_abandon,Share abandoning/idling,none,low-instability DID,0.07320997068853187,0.09308896425332548,0.4316029271235402,420,146,0.13488740745311364,ok
village,mech,provyear,aggregate-reallocation,any_abandon,Share abandoning/idling,none,high-minus-low differential,-0.02969987780166289,0.07095080668816532,0.6755098276274273,420,146,0.13488740745311364,ok
village,mech,provyear,aggregate-reallocation,any_abandon,Share abandoning/idling,none,high-instability total,0.04351009288686898,0.11073559462011905,0.6943794827763667,420,146,0.13488740745311364,ok
village,mech,stackyear,aggregate-reallocation,any_abandon,Share abandoning/idling,baseline_bundle,low-instability DID,-0.017998072096524445,0.03683264195888952,0.6250933220772508,368,130,0.13488740745311364,ok
village,mech,stackyear,aggregate-reallocation,any_abandon,Share abandoning/idling,baseline_bundle,high-minus-low differential,0.05075201320772807,0.04953838012685123,0.3055997162384497,368,130,0.13488740745311364,ok
village,mech,stackyear,aggregate-reallocation,any_abandon,Share abandoning/idling,baseline_bundle,high-instability total,0.032753941111203624,0.03154212708100856,0.2990750712067034,368,130,0.13488740745311364,ok
village,mech,provyear,aggregate-reallocation,any_abandon,Share abandoning/idling,baseline_bundle,low-instability DID,0.02162630605322503,0.08977740261152628,0.8096418617029745,350,125,0.13488740745311364,ok
village,mech,provyear,aggregate-reallocation,any_abandon,Share abandoning/idling,baseline_bundle,high-minus-low differential,0.07850427686487489,0.04793635099374001,0.10148901531841194,350,125,0.13488740745311364,ok
village,mech,provyear,aggregate-reallocation,any_abandon,Share abandoning/idling,baseline_bundle,high-instability total,0.10013058291809993,0.10130037916362737,0.3229312320939649,350,125,0.13488740745311364,ok
village,mech,stackyear,aggregate-reallocation,asinh_abandon,Mean asinh abandoned area,none,low-instability DID,-0.04671967775093627,0.05532249173361594,0.39839174462133176,432,149,0.18400485665582364,ok
village,mech,stackyear,aggregate-reallocation,asinh_abandon,Mean asinh abandoned area,none,high-minus-low differential,-0.1456902162735298,0.17981308582066252,0.417807168281947,432,149,0.18400485665582364,ok
village,mech,stackyear,aggregate-reallocation,asinh_abandon,Mean asinh abandoned area,none,high-instability total,-0.19240989402446607,0.17055829665748942,0.25927006470916514,432,149,0.18400485665582364,ok
village,mech,provyear,aggregate-reallocation,asinh_abandon,Mean asinh abandoned area,none,low-instability DID,0.010540806187651715,0.13233173438787374,0.936512119966991,420,146,0.18400485665582364,ok
village,mech,provyear,aggregate-reallocation,asinh_abandon,Mean asinh abandoned area,none,high-minus-low differential,-0.07989546680911153,0.09267780764065324,0.3886447882583093,420,146,0.18400485665582364,ok
village,mech,provyear,aggregate-reallocation,asinh_abandon,Mean asinh abandoned area,none,high-instability total,-0.06935466062145981,0.15480007389720304,0.6541334874007868,420,146,0.18400485665582364,ok
village,mech,stackyear,aggregate-reallocation,asinh_abandon,Mean asinh abandoned area,baseline_bundle,low-instability DID,-0.04388156273503606,0.05878496381767382,0.4553799438993402,368,130,0.18400485665582364,ok
village,mech,stackyear,aggregate-reallocation,asinh_abandon,Mean asinh abandoned area,baseline_bundle,high-minus-low differential,0.11409625075730676,0.08911874207574563,0.20044941028206997,368,130,0.18400485665582364,ok
village,mech,stackyear,aggregate-reallocation,asinh_abandon,Mean asinh abandoned area,baseline_bundle,high-instability total,0.0702146880222707,0.06602741761803642,0.287592820419575,368,130,0.18400485665582364,ok
village,mech,provyear,aggregate-reallocation,asinh_abandon,Mean asinh abandoned area,baseline_bundle,low-instability DID,-0.021262180010613713,0.13475639846876297,0.8746283142094735,350,125,0.18400485665582364,ok
village,mech,provyear,aggregate-reallocation,asinh_abandon,Mean asinh abandoned area,baseline_bundle,high-minus-low differential,0.13518440959864206,0.08761540571945461,0.12284783947810814,350,125,0.18400485665582364,ok
village,mech,provyear,aggregate-reallocation,asinh_abandon,Mean asinh abandoned area,baseline_bundle,high-instability total,0.11392222958802835,0.16377668163178427,0.4866825414457545,350,125,0.18400485665582364,ok
village,mech,stackyear,aggregate-reallocation,expand_state,Share expand state,none,low-instability DID,0.028149400719432543,0.026527648753093748,0.2886288251888449,432,149,0.11067863981289974,ok
village,mech,stackyear,aggregate-reallocation,expand_state,Share expand state,none,high-minus-low differential,0.051009418975616755,0.0715732992009209,0.4760389516567832,432,149,0.11067863981289974,ok
village,mech,stackyear,aggregate-reallocation,expand_state,Share expand state,none,high-instability total,0.0791588196950493,0.06646865692921407,0.233685188437462,432,149,0.11067863981289974,ok
village,mech,provyear,aggregate-reallocation,expand_state,Share expand state,none,low-instability DID,-0.04588878476301815,0.08880403009886466,0.6053361735146328,420,146,0.11067863981289974,ok
village,mech,provyear,aggregate-reallocation,expand_state,Share expand state,none,high-minus-low differential,0.0038943014418399043,0.07890496917589244,0.9606369276564484,420,146,0.11067863981289974,ok
village,mech,provyear,aggregate-reallocation,expand_state,Share expand state,none,high-instability total,-0.04199448332117825,0.11844276292926742,0.7229229332053556,420,146,0.11067863981289974,ok
village,mech,stackyear,aggregate-reallocation,expand_state,Share expand state,baseline_bundle,low-instability DID,0.03077010603553993,0.035678147673146046,0.38844783668664606,368,130,0.11067863981289974,ok
village,mech,stackyear,aggregate-reallocation,expand_state,Share expand state,baseline_bundle,high-minus-low differential,0.09676229484470299,0.12576701297817236,0.44166931328909387,368,130,0.11067863981289974,ok
village,mech,stackyear,aggregate-reallocation,expand_state,Share expand state,baseline_bundle,high-instability total,0.12753240088024292,0.12037395955097453,0.2893865337794923,368,130,0.11067863981289974,ok
village,mech,provyear,aggregate-reallocation,expand_state,Share expand state,baseline_bundle,low-instability DID,-0.04535605186319715,0.09852274340138459,0.6452569543217507,350,125,0.11067863981289974,ok
village,mech,provyear,aggregate-reallocation,expand_state,Share expand state,baseline_bundle,high-minus-low differential,0.04988190646271521,0.10279463466493784,0.6274934295517842,350,125,0.11067863981289974,ok
village,mech,provyear,aggregate-reallocation,expand_state,Share expand state,baseline_bundle,high-instability total,0.004525854599518063,0.1406222495594729,0.9743249294120396,350,125,0.11067863981289974,ok
village,mech,stackyear,aggregate-reallocation,idle_state,Share idle state,none,low-instability DID,-0.023287606498336524,0.03139760585918955,0.45826907672589623,432,149,0.12039544154349777,ok
village,mech,stackyear,aggregate-reallocation,idle_state,Share idle state,none,high-minus-low differential,-0.0912556771485399,0.1242040561291249,0.46250771740305385,432,149,0.12039544154349777,ok
village,mech,stackyear,aggregate-reallocation,idle_state,Share idle state,none,high-instability total,-0.11454328364687642,0.1198603828605732,0.33925453591709276,432,149,0.12039544154349777,ok
village,mech,provyear,aggregate-reallocation,idle_state,Share idle state,none,low-instability DID,0.07096214944076296,0.0916477919717753,0.43875815090784875,420,146,0.12039544154349777,ok
village,mech,provyear,aggregate-reallocation,idle_state,Share idle state,none,high-minus-low differential,-0.03924807505184897,0.07166770843873833,0.58393939401692,420,146,0.12039544154349777,ok
village,mech,provyear,aggregate-reallocation,idle_state,Share idle state,none,high-instability total,0.031714074388913986,0.1105036767332287,0.7741156519819337,420,146,0.12039544154349777,ok
village,mech,stackyear,aggregate-reallocation,idle_state,Share idle state,baseline_bundle,low-instability DID,-0.014526477358456417,0.0367058089640944,0.6922863812345696,368,130,0.12039544154349777,ok
village,mech,stackyear,aggregate-reallocation,idle_state,Share idle state,baseline_bundle,high-minus-low differential,0.05581075743014263,0.04885154989340534,0.2532644305788907,368,130,0.12039544154349777,ok
village,mech,stackyear,aggregate-reallocation,idle_state,Share idle state,baseline_bundle,high-instability total,0.04128428007168622,0.030753930467824243,0.17946418710417344,368,130,0.12039544154349777,ok
village,mech,provyear,aggregate-reallocation,idle_state,Share idle state,baseline_bundle,low-instability DID,0.019915749053707705,0.08906459207448936,0.8230606453409354,350,125,0.12039544154349777,ok
village,mech,provyear,aggregate-reallocation,idle_state,Share idle state,baseline_bundle,high-minus-low differential,0.09173294016194616,0.04706920124816575,0.05130794197877707,350,125,0.12039544154349777,ok
village,mech,provyear,aggregate-reallocation,idle_state,Share idle state,baseline_bundle,high-instability total,0.11164868921565387,0.09972225599867598,0.26288574591384384,350,125,0.12039544154349777,ok
village,mech,stackyear,aggregate-reallocation,expand_minus_idle,Expand minus idle balance,none,low-instability DID,0.051437007217769094,0.04060429574054648,0.20523134515410368,432,149,-0.009716801730598051,ok
village,mech,stackyear,aggregate-reallocation,expand_minus_idle,Expand minus idle balance,none,high-minus-low differential,0.14226509612415678,0.13355729407248204,0.2867858859431789,432,149,-0.009716801730598051,ok
village,mech,stackyear,aggregate-reallocation,expand_minus_idle,Expand minus idle balance,none,high-instability total,0.19370210334192586,0.1267891909786495,0.1265747836711036,432,149,-0.009716801730598051,ok
village,mech,provyear,aggregate-reallocation,expand_minus_idle,Expand minus idle balance,none,low-instability DID,-0.11685093420378116,0.09412696296961977,0.2144512628510573,420,146,-0.009716801730598051,ok
village,mech,provyear,aggregate-reallocation,expand_minus_idle,Expand minus idle balance,none,high-minus-low differential,0.04314237649368877,0.10046994956996015,0.6676279522979514,420,146,-0.009716801730598051,ok
village,mech,provyear,aggregate-reallocation,expand_minus_idle,Expand minus idle balance,none,high-instability total,-0.0737085577100924,0.13006638394335035,0.5709183451417178,420,146,-0.009716801730598051,ok
village,mech,stackyear,aggregate-reallocation,expand_minus_idle,Expand minus idle balance,baseline_bundle,low-instability DID,0.04529658339399635,0.05437355452878534,0.40480933492973215,368,130,-0.009716801730598051,ok
village,mech,stackyear,aggregate-reallocation,expand_minus_idle,Expand minus idle balance,baseline_bundle,high-minus-low differential,0.040951537414560334,0.14078456757456825,0.7711424329927672,368,130,-0.009716801730598051,ok
village,mech,stackyear,aggregate-reallocation,expand_minus_idle,Expand minus idle balance,baseline_bundle,high-instability total,0.08624812080855668,0.12928209312679592,0.5046883183222797,368,130,-0.009716801730598051,ok
village,mech,provyear,aggregate-reallocation,expand_minus_idle,Expand minus idle balance,baseline_bundle,low-instability DID,-0.06527180091690483,0.10937496632903415,0.5506603256282148,350,125,-0.009716801730598051,ok
village,mech,provyear,aggregate-reallocation,expand_minus_idle,Expand minus idle balance,baseline_bundle,high-minus-low differential,-0.04185103369923095,0.11838032265160435,0.72369090008881,350,125,-0.009716801730598051,ok
village,mech,provyear,aggregate-reallocation,expand_minus_idle,Expand minus idle balance,baseline_bundle,high-instability total,-0.10712283461613578,0.16100303620133516,0.5058287841702815,350,125,-0.009716801730598051,ok
village,mech,stackyear,aggregate-labor,ib_nonfarm_curr_n,Mean current nonfarm workers,none,low-instability DID,-0.03191646250510519,0.0969548605513478,0.7420129231686565,440,151,0.5673358790347142,ok
village,mech,stackyear,aggregate-labor,ib_nonfarm_curr_n,Mean current nonfarm workers,none,high-minus-low differential,0.28216986618924356,0.1396501651473245,0.043326573316458665,440,151,0.5673358790347142,ok
village,mech,stackyear,aggregate-labor,ib_nonfarm_curr_n,Mean current nonfarm workers,none,high-instability total,0.25025340368413834,0.10199844208468813,0.01414726677395826,440,151,0.5673358790347142,ok
village,mech,provyear,aggregate-labor,ib_nonfarm_curr_n,Mean current nonfarm workers,none,low-instability DID,0.2985162539783429,0.22957597682046696,0.19350024044646108,430,150,0.5673358790347142,ok
village,mech,provyear,aggregate-labor,ib_nonfarm_curr_n,Mean current nonfarm workers,none,high-minus-low differential,0.4082588488866855,0.15100708305356547,0.006859813707362856,430,150,0.5673358790347142,ok
village,mech,provyear,aggregate-labor,ib_nonfarm_curr_n,Mean current nonfarm workers,none,high-instability total,0.7067751028650284,0.2699934896839371,0.008851196628230647,430,150,0.5673358790347142,ok
village,mech,stackyear,aggregate-labor,ib_nonfarm_curr_n,Mean current nonfarm workers,baseline_bundle,low-instability DID,0.04802681038528711,0.09659973477886735,0.6190668374196786,374,131,0.5673358790347142,ok
village,mech,stackyear,aggregate-labor,ib_nonfarm_curr_n,Mean current nonfarm workers,baseline_bundle,high-minus-low differential,0.26701360202872965,0.14385087432794177,0.06342742431415194,374,131,0.5673358790347142,ok
village,mech,stackyear,aggregate-labor,ib_nonfarm_curr_n,Mean current nonfarm workers,baseline_bundle,high-instability total,0.31504041241401676,0.1068532010886624,0.003194772943045607,374,131,0.5673358790347142,ok
village,mech,provyear,aggregate-labor,ib_nonfarm_curr_n,Mean current nonfarm workers,baseline_bundle,low-instability DID,0.22751727978191633,0.21964121109808893,0.30026802429850186,358,128,0.5673358790347142,ok
village,mech,provyear,aggregate-labor,ib_nonfarm_curr_n,Mean current nonfarm workers,baseline_bundle,high-minus-low differential,0.48041605096181966,0.1377433873564656,0.0004870827812710482,358,128,0.5673358790347142,ok
village,mech,provyear,aggregate-labor,ib_nonfarm_curr_n,Mean current nonfarm workers,baseline_bundle,high-instability total,0.707933330743736,0.2596789969656063,0.006407081854738233,358,128,0.5673358790347142,ok
village,mech,stackyear,aggregate-labor,ib_nonfarm_curr_ge2,Share with >=2 nonfarm workers,none,low-instability DID,-0.009187522574581004,0.050609351217489114,0.8559452752459348,440,151,0.1278395088915062,ok
village,mech,stackyear,aggregate-labor,ib_nonfarm_curr_ge2,Share with >=2 nonfarm workers,none,high-minus-low differential,0.1090034288893105,0.06170694544285308,0.07731713634050602,440,151,0.1278395088915062,ok
village,mech,stackyear,aggregate-labor,ib_nonfarm_curr_ge2,Share with >=2 nonfarm workers,none,high-instability total,0.0998159063147295,0.03599213183163632,0.005549602210059915,440,151,0.1278395088915062,ok
village,mech,provyear,aggregate-labor,ib_nonfarm_curr_ge2,Share with >=2 nonfarm workers,none,low-instability DID,0.1346989246411917,0.11103378398722166,0.22507836499857659,430,150,0.1278395088915062,ok
village,mech,provyear,aggregate-labor,ib_nonfarm_curr_ge2,Share with >=2 nonfarm workers,none,high-minus-low differential,0.1465459018417829,0.06437313609766941,0.022815675708999655,430,150,0.1278395088915062,ok
village,mech,provyear,aggregate-labor,ib_nonfarm_curr_ge2,Share with >=2 nonfarm workers,none,high-instability total,0.2812448264829746,0.12737347817398706,0.02724198195720137,430,150,0.1278395088915062,ok
village,mech,stackyear,aggregate-labor,ib_nonfarm_curr_ge2,Share with >=2 nonfarm workers,baseline_bundle,low-instability DID,0.04083180086055186,0.05115484636043766,0.4247544091274379,374,131,0.1278395088915062,ok
village,mech,stackyear,aggregate-labor,ib_nonfarm_curr_ge2,Share with >=2 nonfarm workers,baseline_bundle,high-minus-low differential,0.022577266494913137,0.05936922319462133,0.703733350666241,374,131,0.1278395088915062,ok
village,mech,stackyear,aggregate-labor,ib_nonfarm_curr_ge2,Share with >=2 nonfarm workers,baseline_bundle,high-instability total,0.063409067355465,0.03026742502329691,0.036174481948154494,374,131,0.1278395088915062,ok
village,mech,provyear,aggregate-labor,ib_nonfarm_curr_ge2,Share with >=2 nonfarm workers,baseline_bundle,low-instability DID,0.1450615105751532,0.13160379202187963,0.2703489352829771,358,128,0.1278395088915062,ok
village,mech,provyear,aggregate-labor,ib_nonfarm_curr_ge2,Share with >=2 nonfarm workers,baseline_bundle,high-minus-low differential,0.0804364961015997,0.04949695530340911,0.10414558278244596,358,128,0.1278395088915062,ok
village,mech,provyear,aggregate-labor,ib_nonfarm_curr_ge2,Share with >=2 nonfarm workers,baseline_bundle,high-instability total,0.2254980066767529,0.14023165243766716,0.10782657424957899,358,128,0.1278395088915062,ok
village,mech,stackyear,aggregate-farm,rb_farm_any,Share with own-farm production,none,low-instability DID,-0.04206111109236871,0.04615009133603189,0.362085591202167,438,150,0.7047362088028064,ok
village,mech,stackyear,aggregate-farm,rb_farm_any,Share with own-farm production,none,high-minus-low differential,-0.07029347819123558,0.10091596645830475,0.48608159161366415,438,150,0.7047362088028064,ok
village,mech,stackyear,aggregate-farm,rb_farm_any,Share with own-farm production,none,high-instability total,-0.11235458928360428,0.09026975708113882,0.2132590632657585,438,150,0.7047362088028064,ok
village,mech,provyear,aggregate-farm,rb_farm_any,Share with own-farm production,none,low-instability DID,-0.036645452248015,0.10525295207015148,0.7277158560957755,428,149,0.7047362088028064,ok
village,mech,provyear,aggregate-farm,rb_farm_any,Share with own-farm production,none,high-minus-low differential,-0.13321758421772073,0.115598692685082,0.2491508756708274,428,149,0.7047362088028064,ok
village,mech,provyear,aggregate-farm,rb_farm_any,Share with own-farm production,none,high-instability total,-0.16986303646573572,0.15694198887708943,0.2791058815635362,428,149,0.7047362088028064,ok
village,mech,stackyear,aggregate-farm,rb_farm_any,Share with own-farm production,baseline_bundle,low-instability DID,-0.011620799145340753,0.049096311326667065,0.8128942400825836,374,131,0.7047362088028064,ok
village,mech,stackyear,aggregate-farm,rb_farm_any,Share with own-farm production,baseline_bundle,high-minus-low differential,-0.18278665472478817,0.12741333465481008,0.1514022674596619,374,131,0.7047362088028064,ok
village,mech,stackyear,aggregate-farm,rb_farm_any,Share with own-farm production,baseline_bundle,high-instability total,-0.19440745387012892,0.11782181147234669,0.09894039306583646,374,131,0.7047362088028064,ok
village,mech,provyear,aggregate-farm,rb_farm_any,Share with own-farm production,baseline_bundle,low-instability DID,-0.029548746592264082,0.10503953750868891,0.7784720985347882,358,128,0.7047362088028064,ok
village,mech,provyear,aggregate-farm,rb_farm_any,Share with own-farm production,baseline_bundle,high-minus-low differential,-0.26749069262923825,0.1475578263926405,0.06986490648774883,358,128,0.7047362088028064,ok
village,mech,provyear,aggregate-farm,rb_farm_any,Share with own-farm production,baseline_bundle,high-instability total,-0.29703943922150233,0.18388696605165872,0.10623771266425823,358,128,0.7047362088028064,ok
village,mech,stackyear,aggregate-farm,asinh_rb_farm_cost_w99,Mean asinh farm cost,none,low-instability DID,-0.09289550932225529,0.33483348617760966,0.7814438602592211,410,142,7.832124660126435,ok
village,mech,stackyear,aggregate-farm,asinh_rb_farm_cost_w99,Mean asinh farm cost,none,high-minus-low differential,-0.21287188418600617,0.6578173736490717,0.7462383762837561,410,142,7.832124660126435,ok
village,mech,stackyear,aggregate-farm,asinh_rb_farm_cost_w99,Mean asinh farm cost,none,high-instability total,-0.30576739350826143,0.5600485514353493,0.5850893995173284,410,142,7.832124660126435,ok
village,mech,provyear,aggregate-farm,asinh_rb_farm_cost_w99,Mean asinh farm cost,none,low-instability DID,-0.05079455300615569,1.0582158556226904,0.9617160980570011,398,141,7.832124660126435,ok
village,mech,provyear,aggregate-farm,asinh_rb_farm_cost_w99,Mean asinh farm cost,none,high-minus-low differential,-0.36908024348305224,0.5393540246140474,0.4937854140361958,398,141,7.832124660126435,ok
village,mech,provyear,aggregate-farm,asinh_rb_farm_cost_w99,Mean asinh farm cost,none,high-instability total,-0.41987479648920795,1.1897157271197814,0.7241482136022737,398,141,7.832124660126435,ok
village,mech,stackyear,aggregate-farm,asinh_rb_farm_cost_w99,Mean asinh farm cost,baseline_bundle,low-instability DID,-0.22907456925134134,0.30989694009421104,0.45978800757786964,366,128,7.832124660126435,ok
village,mech,stackyear,aggregate-farm,asinh_rb_farm_cost_w99,Mean asinh farm cost,baseline_bundle,high-minus-low differential,0.4239046408261322,0.580601676962353,0.46532131708754854,366,128,7.832124660126435,ok
village,mech,stackyear,aggregate-farm,asinh_rb_farm_cost_w99,Mean asinh farm cost,baseline_bundle,high-instability total,0.19483007157479088,0.48751441820702296,0.6894219782432888,366,128,7.832124660126435,ok
village,mech,provyear,aggregate-farm,asinh_rb_farm_cost_w99,Mean asinh farm cost,baseline_bundle,low-instability DID,-0.1659649773745206,0.9313181668955167,0.8585624693147761,350,125,7.832124660126435,ok
village,mech,provyear,aggregate-farm,asinh_rb_farm_cost_w99,Mean asinh farm cost,baseline_bundle,high-minus-low differential,0.17761772596235456,0.4977943854915161,0.7212344837227431,350,125,7.832124660126435,ok
village,mech,provyear,aggregate-farm,asinh_rb_farm_cost_w99,Mean asinh farm cost,baseline_bundle,high-instability total,0.011652748587833966,1.0779121508186695,0.9913746522942966,350,125,7.832124660126435,ok
village,mech,stackyear,aggregate-farm,asinh_rb_inc_farm_w99,Mean asinh farm income,none,low-instability DID,-0.616332272643833,0.3864340797194936,0.11072964609569148,440,151,5.981742288962505,ok
village,mech,stackyear,aggregate-farm,asinh_rb_inc_farm_w99,Mean asinh farm income,none,high-minus-low differential,-0.4726457437413162,1.1144048818713632,0.6714754568412071,440,151,5.981742288962505,ok
village,mech,stackyear,aggregate-farm,asinh_rb_inc_farm_w99,Mean asinh farm income,none,high-instability total,-1.0889780163851492,1.0479482693946676,0.29873383874496495,440,151,5.981742288962505,ok
village,mech,provyear,aggregate-farm,asinh_rb_inc_farm_w99,Mean asinh farm income,none,low-instability DID,-0.7521724108119768,0.8264412324797067,0.3627517524584041,430,150,5.981742288962505,ok
village,mech,provyear,aggregate-farm,asinh_rb_inc_farm_w99,Mean asinh farm income,none,high-minus-low differential,-1.1438975028350438,1.1161287619826321,0.30542004207352424,430,150,5.981742288962505,ok
village,mech,provyear,aggregate-farm,asinh_rb_inc_farm_w99,Mean asinh farm income,none,high-instability total,-1.8960699136470205,1.3918678781126512,0.17311947794316895,430,150,5.981742288962505,ok
village,mech,stackyear,aggregate-farm,asinh_rb_inc_farm_w99,Mean asinh farm income,baseline_bundle,low-instability DID,-0.44448588978466014,0.4590364109004366,0.33289354987234265,374,131,5.981742288962505,ok
village,mech,stackyear,aggregate-farm,asinh_rb_inc_farm_w99,Mean asinh farm income,baseline_bundle,high-minus-low differential,-0.8133611857784018,1.1671090554201462,0.48586383067138006,374,131,5.981742288962505,ok
village,mech,stackyear,aggregate-farm,asinh_rb_inc_farm_w99,Mean asinh farm income,baseline_bundle,high-instability total,-1.257847075563062,1.073202772445574,0.24117706994517008,374,131,5.981742288962505,ok
village,mech,provyear,aggregate-farm,asinh_rb_inc_farm_w99,Mean asinh farm income,baseline_bundle,low-instability DID,-0.2095977390941992,1.0473936515352824,0.8413917186625075,358,128,5.981742288962505,ok
village,mech,provyear,aggregate-farm,asinh_rb_inc_farm_w99,Mean asinh farm income,baseline_bundle,high-minus-low differential,-1.1644968276133623,1.1280341639449873,0.30192032539041125,358,128,5.981742288962505,ok
village,mech,provyear,aggregate-farm,asinh_rb_inc_farm_w99,Mean asinh farm income,baseline_bundle,high-instability total,-1.3740945667075615,1.4958143869506322,0.3582910249925877,358,128,5.981742288962505,ok
village,mech,stackyear,aggregate-cooccurrence,rentin_and_nonfarm_ge2,Share rent-in and >=2 nonfarm,none,low-instability DID,0.01167459026161033,0.007727183016741936,0.13082747039839301,432,149,0.008986742943080474,ok
village,mech,stackyear,aggregate-cooccurrence,rentin_and_nonfarm_ge2,Share rent-in and >=2 nonfarm,none,high-minus-low differential,-0.03307810716294166,0.029759595415699867,0.2663486096339319,432,149,0.008986742943080474,ok
village,mech,stackyear,aggregate-cooccurrence,rentin_and_nonfarm_ge2,Share rent-in and >=2 nonfarm,none,high-instability total,-0.021403516901331333,0.028286273554604995,0.4492445778225621,432,149,0.008986742943080474,ok
village,mech,provyear,aggregate-cooccurrence,rentin_and_nonfarm_ge2,Share rent-in and >=2 nonfarm,none,low-instability DID,0.018206507828397035,0.023575618903033755,0.4399604419169698,420,146,0.008986742943080474,ok
village,mech,provyear,aggregate-cooccurrence,rentin_and_nonfarm_ge2,Share rent-in and >=2 nonfarm,none,high-minus-low differential,-0.03841371757550548,0.038728400434872585,0.3212586898030675,420,146,0.008986742943080474,ok
village,mech,provyear,aggregate-cooccurrence,rentin_and_nonfarm_ge2,Share rent-in and >=2 nonfarm,none,high-instability total,-0.02020720974710844,0.04722789118659036,0.6687486688936727,420,146,0.008986742943080474,ok
village,mech,stackyear,aggregate-cooccurrence,rentin_and_nonfarm_ge2,Share rent-in and >=2 nonfarm,baseline_bundle,low-instability DID,0.025283104552325034,0.01558320809338136,0.10470526527263967,368,130,0.008986742943080474,ok
village,mech,stackyear,aggregate-cooccurrence,rentin_and_nonfarm_ge2,Share rent-in and >=2 nonfarm,baseline_bundle,high-minus-low differential,-0.0675894765050688,0.043920168742765414,0.12382465942408637,368,130,0.008986742943080474,ok
village,mech,stackyear,aggregate-cooccurrence,rentin_and_nonfarm_ge2,Share rent-in and >=2 nonfarm,baseline_bundle,high-instability total,-0.04230637195274377,0.0407534698577852,0.2992212752678195,368,130,0.008986742943080474,ok
village,mech,provyear,aggregate-cooccurrence,rentin_and_nonfarm_ge2,Share rent-in and >=2 nonfarm,baseline_bundle,low-instability DID,0.016576436789008456,0.030956091198693456,0.5923164412390259,350,125,0.008986742943080474,ok
village,mech,provyear,aggregate-cooccurrence,rentin_and_nonfarm_ge2,Share rent-in and >=2 nonfarm,baseline_bundle,high-minus-low differential,-0.06319968618910816,0.0469193014744649,0.17798443981176826,350,125,0.008986742943080474,ok
village,mech,provyear,aggregate-cooccurrence,rentin_and_nonfarm_ge2,Share rent-in and >=2 nonfarm,baseline_bundle,high-instability total,-0.04662324940009971,0.05718494343874517,0.41489695597410636,350,125,0.008986742943080474,ok
village,mech,stackyear,aggregate-cooccurrence,rentin_and_farm_any,Share rent-in and own-farm,none,low-instability DID,0.01223235893396277,0.024390128139985687,0.6159988055100769,432,149,0.1093332500446758,ok
village,mech,stackyear,aggregate-cooccurrence,rentin_and_farm_any,Share rent-in and own-farm,none,high-minus-low differential,0.043231375108046144,0.07531583858797133,0.5659670487193285,432,149,0.1093332500446758,ok
village,mech,stackyear,aggregate-cooccurrence,rentin_and_farm_any,Share rent-in and own-farm,none,high-instability total,0.05546373404200891,0.07150902368232459,0.43797417178567555,432,149,0.1093332500446758,ok
village,mech,provyear,aggregate-cooccurrence,rentin_and_farm_any,Share rent-in and own-farm,none,low-instability DID,-0.07809836223240568,0.0746173803038626,0.2952605305332664,420,146,0.1093332500446758,ok
village,mech,provyear,aggregate-cooccurrence,rentin_and_farm_any,Share rent-in and own-farm,none,high-minus-low differential,-0.006875866842548199,0.0876711501907771,0.9374876569114788,420,146,0.1093332500446758,ok
village,mech,provyear,aggregate-cooccurrence,rentin_and_farm_any,Share rent-in and own-farm,none,high-instability total,-0.08497422907495389,0.11366964879236807,0.4547290687142491,420,146,0.1093332500446758,ok
village,mech,stackyear,aggregate-cooccurrence,rentin_and_farm_any,Share rent-in and own-farm,baseline_bundle,low-instability DID,0.013682636475206327,0.030041692704575754,0.6487819986931652,368,130,0.1093332500446758,ok
village,mech,stackyear,aggregate-cooccurrence,rentin_and_farm_any,Share rent-in and own-farm,baseline_bundle,high-minus-low differential,0.06534133601256592,0.13397514819969453,0.6257535941089613,368,130,0.1093332500446758,ok
village,mech,stackyear,aggregate-cooccurrence,rentin_and_farm_any,Share rent-in and own-farm,baseline_bundle,high-instability total,0.07902397248777225,0.13048904002498496,0.5447813702341145,368,130,0.1093332500446758,ok
village,mech,provyear,aggregate-cooccurrence,rentin_and_farm_any,Share rent-in and own-farm,baseline_bundle,low-instability DID,-0.06544145558894796,0.08411587655051947,0.43657389373472044,350,125,0.1093332500446758,ok
village,mech,provyear,aggregate-cooccurrence,rentin_and_farm_any,Share rent-in and own-farm,baseline_bundle,high-minus-low differential,0.02038652891304841,0.11302409362178809,0.8568595128858134,350,125,0.1093332500446758,ok
village,mech,provyear,aggregate-cooccurrence,rentin_and_farm_any,Share rent-in and own-farm,baseline_bundle,high-instability total,-0.04505492667589955,0.13892871838163087,0.7457090490429872,350,125,0.1093332500446758,ok
village,adjacent,stackyear,aggregate-reallocation,any_rentin,Share renting in,none,low-instability DID,0.0006779818272996178,0.031460631475662776,0.9828067861464606,406,140,0.11777899975766218,ok
village,adjacent,stackyear,aggregate-reallocation,any_rentin,Share renting in,none,high-minus-low differential,0.062425558376136274,0.09995098959032445,0.5322587739011864,406,140,0.11777899975766218,ok
village,adjacent,stackyear,aggregate-reallocation,any_rentin,Share renting in,none,high-instability total,0.06310354020343589,0.09479147007953005,0.5055970830262163,406,140,0.11777899975766218,ok
village,adjacent,provyear,aggregate-reallocation,any_rentin,Share renting in,none,low-instability DID,-0.055581779968748996,0.08175530010453065,0.4965960417833396,388,135,0.11777899975766218,ok
village,adjacent,provyear,aggregate-reallocation,any_rentin,Share renting in,none,high-minus-low differential,0.004432087268457847,0.11154944090656503,0.9683067546065641,388,135,0.11777899975766218,ok
village,adjacent,provyear,aggregate-reallocation,any_rentin,Share renting in,none,high-instability total,-0.05114969270029115,0.13768616776969111,0.7102690426774304,388,135,0.11777899975766218,ok
village,adjacent,stackyear,aggregate-reallocation,any_rentin,Share renting in,baseline_bundle,low-instability DID,-0.007072673400303087,0.04670311558169257,0.8796294219321736,368,130,0.11777899975766218,ok
village,adjacent,stackyear,aggregate-reallocation,any_rentin,Share renting in,baseline_bundle,high-minus-low differential,0.10874110345553187,0.13577886967206862,0.42320742056677274,368,130,0.11777899975766218,ok
village,adjacent,stackyear,aggregate-reallocation,any_rentin,Share renting in,baseline_bundle,high-instability total,0.10166843005522878,0.1269736399469064,0.4233024396081494,368,130,0.11777899975766218,ok
village,adjacent,provyear,aggregate-reallocation,any_rentin,Share renting in,baseline_bundle,low-instability DID,-0.05528444696891449,0.09393195054776793,0.556157486674171,350,125,0.11777899975766218,ok
village,adjacent,provyear,aggregate-reallocation,any_rentin,Share renting in,baseline_bundle,high-minus-low differential,0.04119226902875111,0.1175592107082084,0.7260415800230129,350,125,0.11777899975766218,ok
village,adjacent,provyear,aggregate-reallocation,any_rentin,Share renting in,baseline_bundle,high-instability total,-0.014092177940163382,0.14943770438295345,0.9248697739579239,350,125,0.11777899975766218,ok
village,adjacent,stackyear,aggregate-reallocation,asinh_rentin,Mean asinh rented-in area,none,low-instability DID,-0.06891798494372113,0.08661854480341133,0.42623590041622306,406,140,0.2613779027349487,ok
village,adjacent,stackyear,aggregate-reallocation,asinh_rentin,Mean asinh rented-in area,none,high-minus-low differential,0.23739848403428657,0.23218532768343197,0.3065667521538684,406,140,0.2613779027349487,ok
village,adjacent,stackyear,aggregate-reallocation,asinh_rentin,Mean asinh rented-in area,none,high-instability total,0.16848049909056545,0.2141064867700556,0.4313401213792669,406,140,0.2613779027349487,ok
village,adjacent,provyear,aggregate-reallocation,asinh_rentin,Mean asinh rented-in area,none,low-instability DID,-0.06778965845469678,0.14214044811741683,0.6334189095974979,388,135,0.2613779027349487,ok
village,adjacent,provyear,aggregate-reallocation,asinh_rentin,Mean asinh rented-in area,none,high-minus-low differential,0.07152674311685644,0.25587340134669256,0.7798307677506703,388,135,0.2613779027349487,ok
village,adjacent,provyear,aggregate-reallocation,asinh_rentin,Mean asinh rented-in area,none,high-instability total,0.003737084662159662,0.2893092999151988,0.9896938009368383,388,135,0.2613779027349487,ok
village,adjacent,stackyear,aggregate-reallocation,asinh_rentin,Mean asinh rented-in area,baseline_bundle,low-instability DID,-0.12372932152622451,0.14666956071168255,0.3988972324634298,368,130,0.2613779027349487,ok
village,adjacent,stackyear,aggregate-reallocation,asinh_rentin,Mean asinh rented-in area,baseline_bundle,high-minus-low differential,0.4414058354827683,0.40966616364736297,0.28126725716250855,368,130,0.2613779027349487,ok
village,adjacent,stackyear,aggregate-reallocation,asinh_rentin,Mean asinh rented-in area,baseline_bundle,high-instability total,0.3176765139565438,0.3789932619046137,0.40191192439421186,368,130,0.2613779027349487,ok
village,adjacent,provyear,aggregate-reallocation,asinh_rentin,Mean asinh rented-in area,baseline_bundle,low-instability DID,-0.05480779149164841,0.15460925302284925,0.7229699649306571,350,125,0.2613779027349487,ok
village,adjacent,provyear,aggregate-reallocation,asinh_rentin,Mean asinh rented-in area,baseline_bundle,high-minus-low differential,0.2578936483867931,0.29167409906103936,0.37659675193339404,350,125,0.2613779027349487,ok
village,adjacent,provyear,aggregate-reallocation,asinh_rentin,Mean asinh rented-in area,baseline_bundle,high-instability total,0.20308585689514466,0.32658841007985534,0.5340468397905216,350,125,0.2613779027349487,ok
village,adjacent,stackyear,aggregate-reallocation,rentin_mu,Mean rented-in area,none,low-instability DID,-1.6377078579577935,1.286942117133933,0.20317510381553072,406,140,1.2749312634612657,ok
village,adjacent,stackyear,aggregate-reallocation,rentin_mu,Mean rented-in area,none,high-minus-low differential,2.588070603571045,1.5316418527775417,0.09107844447965067,406,140,1.2749312634612657,ok
village,adjacent,stackyear,aggregate-reallocation,rentin_mu,Mean rented-in area,none,high-instability total,0.9503627456132513,0.7046085271036894,0.17740725001556246,406,140,1.2749312634612657,ok
village,adjacent,provyear,aggregate-reallocation,rentin_mu,Mean rented-in area,none,low-instability DID,-0.08521632943073507,0.3257694332322567,0.7936415700943948,388,135,1.2749312634612657,ok
village,adjacent,provyear,aggregate-reallocation,rentin_mu,Mean rented-in area,none,high-minus-low differential,0.9921011200323822,0.8271984951736464,0.23039159657673436,388,135,1.2749312634612657,ok
village,adjacent,provyear,aggregate-reallocation,rentin_mu,Mean rented-in area,none,high-instability total,0.9068847906016471,0.8186463377848624,0.26795433285077663,388,135,1.2749312634612657,ok
village,adjacent,stackyear,aggregate-reallocation,rentin_mu,Mean rented-in area,baseline_bundle,low-instability DID,-1.997897864002475,1.6922801356903923,0.23776355758021872,368,130,1.2749312634612657,ok
village,adjacent,stackyear,aggregate-reallocation,rentin_mu,Mean rented-in area,baseline_bundle,high-minus-low differential,5.08483307511246,2.9993411220007236,0.09001535960048976,368,130,1.2749312634612657,ok
village,adjacent,stackyear,aggregate-reallocation,rentin_mu,Mean rented-in area,baseline_bundle,high-instability total,3.086935211109985,2.3849198629909174,0.1955424992880388,368,130,1.2749312634612657,ok
village,adjacent,provyear,aggregate-reallocation,rentin_mu,Mean rented-in area,baseline_bundle,low-instability DID,0.0644702669164545,0.32509574406911723,0.8428012529568407,350,125,1.2749312634612657,ok
village,adjacent,provyear,aggregate-reallocation,rentin_mu,Mean rented-in area,baseline_bundle,high-minus-low differential,3.5357577654115593,1.6041501060591128,0.027515098042376045,350,125,1.2749312634612657,ok
village,adjacent,provyear,aggregate-reallocation,rentin_mu,Mean rented-in area,baseline_bundle,high-instability total,3.6002280323280136,1.5957449750214867,0.024061709203909012,350,125,1.2749312634612657,ok
village,adjacent,stackyear,aggregate-reallocation,any_abandon,Share abandoning/idling,none,low-instability DID,-0.03779036225380728,0.03338168238258504,0.25760549639385066,406,140,0.13512431813249337,ok
village,adjacent,stackyear,aggregate-reallocation,any_abandon,Share abandoning/idling,none,high-minus-low differential,0.035770137632818375,0.06055424651657076,0.554713211814509,406,140,0.13512431813249337,ok
village,adjacent,stackyear,aggregate-reallocation,any_abandon,Share abandoning/idling,none,high-instability total,-0.002020224620988907,0.04929234519616243,0.967308212266247,406,140,0.13512431813249337,ok
village,adjacent,provyear,aggregate-reallocation,any_abandon,Share abandoning/idling,none,low-instability DID,0.040952122217657365,0.09556364455665625,0.6682635174228898,388,135,0.13512431813249337,ok
village,adjacent,provyear,aggregate-reallocation,any_abandon,Share abandoning/idling,none,high-minus-low differential,0.055045894557770224,0.047075170701150124,0.2422751049620374,388,135,0.13512431813249337,ok
village,adjacent,provyear,aggregate-reallocation,any_abandon,Share abandoning/idling,none,high-instability total,0.09599801677542759,0.09840505028442108,0.329292701900761,388,135,0.13512431813249337,ok
village,adjacent,stackyear,aggregate-reallocation,any_abandon,Share abandoning/idling,baseline_bundle,low-instability DID,-0.03597948524477836,0.038467760172298596,0.3496258246663113,368,130,0.13512431813249337,ok
village,adjacent,stackyear,aggregate-reallocation,any_abandon,Share abandoning/idling,baseline_bundle,high-minus-low differential,0.06522827292673603,0.055171315831953185,0.23709224863710587,368,130,0.13512431813249337,ok
village,adjacent,stackyear,aggregate-reallocation,any_abandon,Share abandoning/idling,baseline_bundle,high-instability total,0.029248787681957662,0.037811179117130604,0.43919773092841163,368,130,0.13512431813249337,ok
village,adjacent,provyear,aggregate-reallocation,any_abandon,Share abandoning/idling,baseline_bundle,low-instability DID,-0.0066346486303601555,0.09264278194241703,0.9429079949030841,350,125,0.13512431813249337,ok
village,adjacent,provyear,aggregate-reallocation,any_abandon,Share abandoning/idling,baseline_bundle,high-minus-low differential,0.09905331158868189,0.05998502079289473,0.09867717322782978,350,125,0.13512431813249337,ok
village,adjacent,provyear,aggregate-reallocation,any_abandon,Share abandoning/idling,baseline_bundle,high-instability total,0.09241866295832173,0.1118068124869321,0.40846811891289847,350,125,0.13512431813249337,ok
village,adjacent,stackyear,aggregate-reallocation,asinh_abandon,Mean asinh abandoned area,none,low-instability DID,-0.08631931780129118,0.06318801517688119,0.17191666603118294,406,140,0.18351620176550346,ok
village,adjacent,stackyear,aggregate-reallocation,asinh_abandon,Mean asinh abandoned area,none,high-minus-low differential,0.023778802771483386,0.14598276649111705,0.8706068247309907,406,140,0.18351620176550346,ok
village,adjacent,stackyear,aggregate-reallocation,asinh_abandon,Mean asinh abandoned area,none,high-instability total,-0.06254051502980779,0.13055623810299835,0.6319164132033704,406,140,0.18351620176550346,ok
village,adjacent,provyear,aggregate-reallocation,asinh_abandon,Mean asinh abandoned area,none,low-instability DID,-0.04854975092962943,0.14496015368224902,0.7376870153818971,388,135,0.18351620176550346,ok
village,adjacent,provyear,aggregate-reallocation,asinh_abandon,Mean asinh abandoned area,none,high-minus-low differential,0.03930772079108273,0.09845870696125679,0.689723356875619,388,135,0.18351620176550346,ok
village,adjacent,provyear,aggregate-reallocation,asinh_abandon,Mean asinh abandoned area,none,high-instability total,-0.0092420301385467,0.16645368722949988,0.9557217012679416,388,135,0.18351620176550346,ok
village,adjacent,stackyear,aggregate-reallocation,asinh_abandon,Mean asinh abandoned area,baseline_bundle,low-instability DID,-0.10271993191332529,0.06611112872357243,0.12024490720541875,368,130,0.18351620176550346,ok
village,adjacent,stackyear,aggregate-reallocation,asinh_abandon,Mean asinh abandoned area,baseline_bundle,high-minus-low differential,0.16791752441365987,0.10802912143778502,0.12009552528630775,368,130,0.18351620176550346,ok
village,adjacent,stackyear,aggregate-reallocation,asinh_abandon,Mean asinh abandoned area,baseline_bundle,high-instability total,0.06519759250033458,0.08440834555498475,0.4398734405546332,368,130,0.18351620176550346,ok
village,adjacent,provyear,aggregate-reallocation,asinh_abandon,Mean asinh abandoned area,baseline_bundle,low-instability DID,-0.08307622148987838,0.1429762093763691,0.5612072504015682,350,125,0.18351620176550346,ok
village,adjacent,provyear,aggregate-reallocation,asinh_abandon,Mean asinh abandoned area,baseline_bundle,high-minus-low differential,0.1585884774268802,0.11969563085696647,0.1851939670628696,350,125,0.18351620176550346,ok
village,adjacent,provyear,aggregate-reallocation,asinh_abandon,Mean asinh abandoned area,baseline_bundle,high-instability total,0.07551225593700182,0.19209616217809605,0.6942484900231106,350,125,0.18351620176550346,ok
village,adjacent,stackyear,aggregate-reallocation,expand_state,Share expand state,none,low-instability DID,0.002068991690621055,0.030153927557024916,0.9452966079833696,406,140,0.10451590828270475,ok
village,adjacent,stackyear,aggregate-reallocation,expand_state,Share expand state,none,high-minus-low differential,0.070272808935561,0.09383971031575317,0.45394156927223606,406,140,0.10451590828270475,ok
village,adjacent,stackyear,aggregate-reallocation,expand_state,Share expand state,none,high-instability total,0.07234180062618205,0.08880110250098645,0.41527279434115305,406,140,0.10451590828270475,ok
village,adjacent,provyear,aggregate-reallocation,expand_state,Share expand state,none,low-instability DID,-0.05322803052007123,0.08350636645572952,0.5238559644523909,388,135,0.10451590828270475,ok
village,adjacent,provyear,aggregate-reallocation,expand_state,Share expand state,none,high-minus-low differential,0.025957788598099406,0.10317098650307842,0.8013504954366018,388,135,0.10451590828270475,ok
village,adjacent,provyear,aggregate-reallocation,expand_state,Share expand state,none,high-instability total,-0.027270241921971826,0.13259600476448027,0.8370532798797501,388,135,0.10451590828270475,ok
village,adjacent,stackyear,aggregate-reallocation,expand_state,Share expand state,baseline_bundle,low-instability DID,-0.007057580648942991,0.04534335264384125,0.8763108612869298,368,130,0.10451590828270475,ok
village,adjacent,stackyear,aggregate-reallocation,expand_state,Share expand state,baseline_bundle,high-minus-low differential,0.12828595238576002,0.12607439843072146,0.30889582551521844,368,130,0.10451590828270475,ok
village,adjacent,stackyear,aggregate-reallocation,expand_state,Share expand state,baseline_bundle,high-instability total,0.12122837173681703,0.11708722032479192,0.30049704183902515,368,130,0.10451590828270475,ok
village,adjacent,provyear,aggregate-reallocation,expand_state,Share expand state,baseline_bundle,low-instability DID,-0.054127305108056835,0.09356891181053006,0.5629432630731459,350,125,0.10451590828270475,ok
village,adjacent,provyear,aggregate-reallocation,expand_state,Share expand state,baseline_bundle,high-minus-low differential,0.07126165491541953,0.10749255957778865,0.507365779727889,350,125,0.10451590828270475,ok
village,adjacent,provyear,aggregate-reallocation,expand_state,Share expand state,baseline_bundle,high-instability total,0.01713434980736269,0.14128914135422455,0.9034759723388606,350,125,0.10451590828270475,ok
village,adjacent,stackyear,aggregate-reallocation,idle_state,Share idle state,none,low-instability DID,-0.03322971982050008,0.03356340530907311,0.32214574307609833,406,140,0.12195047577619553,ok
village,adjacent,stackyear,aggregate-reallocation,idle_state,Share idle state,none,high-minus-low differential,0.028725141448018396,0.06150132682626705,0.6404530922602341,406,140,0.12195047577619553,ok
village,adjacent,stackyear,aggregate-reallocation,idle_state,Share idle state,none,high-instability total,-0.0045045783724816865,0.050457664573046984,0.9288638285417556,406,140,0.12195047577619553,ok
village,adjacent,provyear,aggregate-reallocation,idle_state,Share idle state,none,low-instability DID,0.04155368254478798,0.09625276447502433,0.6659491657010923,388,135,0.12195047577619553,ok
village,adjacent,provyear,aggregate-reallocation,idle_state,Share idle state,none,high-minus-low differential,0.05222912448730607,0.046872594823865,0.2651597291116061,388,135,0.12195047577619553,ok
village,adjacent,provyear,aggregate-reallocation,idle_state,Share idle state,none,high-instability total,0.09378280703209405,0.0998668726873769,0.3476905754923897,388,135,0.12195047577619553,ok
village,adjacent,stackyear,aggregate-reallocation,idle_state,Share idle state,baseline_bundle,low-instability DID,-0.032806701570689184,0.03923752830960814,0.4030957216123783,368,130,0.12195047577619553,ok
village,adjacent,stackyear,aggregate-reallocation,idle_state,Share idle state,baseline_bundle,high-minus-low differential,0.06989738011137465,0.0550137240359831,0.2038907705105264,368,130,0.12195047577619553,ok
village,adjacent,stackyear,aggregate-reallocation,idle_state,Share idle state,baseline_bundle,high-instability total,0.03709067854068547,0.03687997969005179,0.31455360183870595,368,130,0.12195047577619553,ok
village,adjacent,provyear,aggregate-reallocation,idle_state,Share idle state,baseline_bundle,low-instability DID,-0.001688233359399524,0.09646994633771201,0.9860376559527114,350,125,0.12195047577619553,ok
village,adjacent,provyear,aggregate-reallocation,idle_state,Share idle state,baseline_bundle,high-minus-low differential,0.11567597233144056,0.058572034108565506,0.04827550132392172,350,125,0.12195047577619553,ok
village,adjacent,provyear,aggregate-reallocation,idle_state,Share idle state,baseline_bundle,high-instability total,0.11398773897204104,0.11340141061472615,0.3148148153262238,350,125,0.12195047577619553,ok
village,adjacent,stackyear,aggregate-reallocation,expand_minus_idle,Expand minus idle balance,none,low-instability DID,0.03529871151112109,0.04867988611337646,0.46837901440530993,406,140,-0.01743456749349076,ok
village,adjacent,stackyear,aggregate-reallocation,expand_minus_idle,Expand minus idle balance,none,high-minus-low differential,0.04154766748754255,0.0978557225620986,0.6711422433768677,406,140,-0.01743456749349076,ok
village,adjacent,stackyear,aggregate-reallocation,expand_minus_idle,Expand minus idle balance,none,high-instability total,0.07684637899866364,0.0838290056685557,0.35929780582680615,406,140,-0.01743456749349076,ok
village,adjacent,provyear,aggregate-reallocation,expand_minus_idle,Expand minus idle balance,none,low-instability DID,-0.09478171306485922,0.10673628302792053,0.37454128684167254,388,135,-0.01743456749349076,ok
village,adjacent,provyear,aggregate-reallocation,expand_minus_idle,Expand minus idle balance,none,high-minus-low differential,-0.026271335889206708,0.10984544292998417,0.8109765785596542,388,135,-0.01743456749349076,ok
village,adjacent,provyear,aggregate-reallocation,expand_minus_idle,Expand minus idle balance,none,high-instability total,-0.12105304895406593,0.14548593532414034,0.4053749945180274,388,135,-0.01743456749349076,ok
village,adjacent,stackyear,aggregate-reallocation,expand_minus_idle,Expand minus idle balance,baseline_bundle,low-instability DID,0.025749120921746173,0.07380009486927999,0.7271616606269926,368,130,-0.01743456749349076,ok
village,adjacent,stackyear,aggregate-reallocation,expand_minus_idle,Expand minus idle balance,baseline_bundle,high-minus-low differential,0.05838857227438536,0.14646530093891486,0.6901502084296718,368,130,-0.01743456749349076,ok
village,adjacent,stackyear,aggregate-reallocation,expand_minus_idle,Expand minus idle balance,baseline_bundle,high-instability total,0.08413769319613154,0.12475622845670603,0.5000463810665767,368,130,-0.01743456749349076,ok
village,adjacent,provyear,aggregate-reallocation,expand_minus_idle,Expand minus idle balance,baseline_bundle,low-instability DID,-0.05243907174865724,0.12816226424608596,0.6824211033126399,350,125,-0.01743456749349076,ok
village,adjacent,provyear,aggregate-reallocation,expand_minus_idle,Expand minus idle balance,baseline_bundle,high-minus-low differential,-0.04441431741602099,0.1267060747817889,0.7259407605438487,350,125,-0.01743456749349076,ok
village,adjacent,provyear,aggregate-reallocation,expand_minus_idle,Expand minus idle balance,baseline_bundle,high-instability total,-0.09685338916467823,0.18067732735351694,0.5919189922709076,350,125,-0.01743456749349076,ok
village,adjacent,stackyear,aggregate-labor,ib_nonfarm_curr_n,Mean current nonfarm workers,none,low-instability DID,0.028690970297452642,0.11296708483117775,0.7995138125669845,414,142,0.5614913477134608,ok
village,adjacent,stackyear,aggregate-labor,ib_nonfarm_curr_n,Mean current nonfarm workers,none,high-minus-low differential,0.328048079226282,0.1639206810648827,0.04536426165547239,414,142,0.5614913477134608,ok
village,adjacent,stackyear,aggregate-labor,ib_nonfarm_curr_n,Mean current nonfarm workers,none,high-instability total,0.35673904952373464,0.1191230057703914,0.0027470442544237903,414,142,0.5614913477134608,ok
village,adjacent,provyear,aggregate-labor,ib_nonfarm_curr_n,Mean current nonfarm workers,none,low-instability DID,0.35149021916821427,0.2487420572295945,0.15763481169816163,398,139,0.5614913477134608,ok
village,adjacent,provyear,aggregate-labor,ib_nonfarm_curr_n,Mean current nonfarm workers,none,high-minus-low differential,0.4682085678577916,0.18736325703090786,0.012456721834186026,398,139,0.5614913477134608,ok
village,adjacent,provyear,aggregate-labor,ib_nonfarm_curr_n,Mean current nonfarm workers,none,high-instability total,0.8196987870260058,0.30583879859526286,0.0073585631482579435,398,139,0.5614913477134608,ok
village,adjacent,stackyear,aggregate-labor,ib_nonfarm_curr_n,Mean current nonfarm workers,baseline_bundle,low-instability DID,0.11555960377483014,0.12071306647387925,0.33841173696560856,374,131,0.5614913477134608,ok
village,adjacent,stackyear,aggregate-labor,ib_nonfarm_curr_n,Mean current nonfarm workers,baseline_bundle,high-minus-low differential,0.26547632801529286,0.1680113733518639,0.11408184541534344,374,131,0.5614913477134608,ok
village,adjacent,stackyear,aggregate-labor,ib_nonfarm_curr_n,Mean current nonfarm workers,baseline_bundle,high-instability total,0.381035931790123,0.11581310494056853,0.0010015413362079568,374,131,0.5614913477134608,ok
village,adjacent,provyear,aggregate-labor,ib_nonfarm_curr_n,Mean current nonfarm workers,baseline_bundle,low-instability DID,0.3078130030008557,0.2498666959329714,0.21798312171901868,358,128,0.5614913477134608,ok
village,adjacent,provyear,aggregate-labor,ib_nonfarm_curr_n,Mean current nonfarm workers,baseline_bundle,high-minus-low differential,0.48041145542446617,0.16185215495249683,0.0029953797738776983,358,128,0.5614913477134608,ok
village,adjacent,provyear,aggregate-labor,ib_nonfarm_curr_n,Mean current nonfarm workers,baseline_bundle,high-instability total,0.7882244584253219,0.2991740978836808,0.008421958453751259,358,128,0.5614913477134608,ok
village,adjacent,stackyear,aggregate-labor,ib_nonfarm_curr_ge2,Share with >=2 nonfarm workers,none,low-instability DID,-0.016870750668777353,0.05886183034338626,0.7744062539679126,414,142,0.12768465603291976,ok
village,adjacent,stackyear,aggregate-labor,ib_nonfarm_curr_ge2,Share with >=2 nonfarm workers,none,high-minus-low differential,0.09033165526748345,0.07358469324556703,0.21960182774469095,414,142,0.12768465603291976,ok
village,adjacent,stackyear,aggregate-labor,ib_nonfarm_curr_ge2,Share with >=2 nonfarm workers,none,high-instability total,0.07346090459870609,0.044127506923494625,0.09596428290910494,414,142,0.12768465603291976,ok
village,adjacent,provyear,aggregate-labor,ib_nonfarm_curr_ge2,Share with >=2 nonfarm workers,none,low-instability DID,0.11406240264914703,0.10497688025959975,0.27723668680751457,398,139,0.12768465603291976,ok
village,adjacent,provyear,aggregate-labor,ib_nonfarm_curr_ge2,Share with >=2 nonfarm workers,none,high-minus-low differential,0.12792473119750097,0.08298922597956898,0.12320440519923218,398,139,0.12768465603291976,ok
village,adjacent,provyear,aggregate-labor,ib_nonfarm_curr_ge2,Share with >=2 nonfarm workers,none,high-instability total,0.241987133846648,0.13194475245513138,0.06665347906784663,398,139,0.12768465603291976,ok
village,adjacent,stackyear,aggregate-labor,ib_nonfarm_curr_ge2,Share with >=2 nonfarm workers,baseline_bundle,low-instability DID,0.028156766872472764,0.0606376779088284,0.6424010097822443,374,131,0.12768465603291976,ok
village,adjacent,stackyear,aggregate-labor,ib_nonfarm_curr_ge2,Share with >=2 nonfarm workers,baseline_bundle,high-minus-low differential,0.07141185997125683,0.07147414042344201,0.31773238385455926,374,131,0.12768465603291976,ok
village,adjacent,stackyear,aggregate-labor,ib_nonfarm_curr_ge2,Share with >=2 nonfarm workers,baseline_bundle,high-instability total,0.0995686268437296,0.03697251515146826,0.007080282819655506,374,131,0.12768465603291976,ok
village,adjacent,provyear,aggregate-labor,ib_nonfarm_curr_ge2,Share with >=2 nonfarm workers,baseline_bundle,low-instability DID,0.13546525763067233,0.1268991981854404,0.28574482059794815,358,128,0.12768465603291976,ok
village,adjacent,provyear,aggregate-labor,ib_nonfarm_curr_ge2,Share with >=2 nonfarm workers,baseline_bundle,high-minus-low differential,0.1144505783794007,0.06171869747696194,0.06368328490722423,358,128,0.12768465603291976,ok
village,adjacent,provyear,aggregate-labor,ib_nonfarm_curr_ge2,Share with >=2 nonfarm workers,baseline_bundle,high-instability total,0.24991583601007303,0.14098627084387366,0.07629081025798334,358,128,0.12768465603291976,ok
village,adjacent,stackyear,aggregate-farm,rb_farm_any,Share with own-farm production,none,low-instability DID,-0.05693863486914009,0.05158403017258509,0.2696783709639514,412,141,0.7146295131709413,ok
village,adjacent,stackyear,aggregate-farm,rb_farm_any,Share with own-farm production,none,high-minus-low differential,-0.10492950344514995,0.11269978620203215,0.3518260140812677,412,141,0.7146295131709413,ok
village,adjacent,stackyear,aggregate-farm,rb_farm_any,Share with own-farm production,none,high-instability total,-0.16186813831429003,0.1001802334193687,0.10614421721663345,412,141,0.7146295131709413,ok
village,adjacent,provyear,aggregate-farm,rb_farm_any,Share with own-farm production,none,low-instability DID,-0.03719041579080704,0.10529358329653497,0.7239333664027184,396,138,0.7146295131709413,ok
village,adjacent,provyear,aggregate-farm,rb_farm_any,Share with own-farm production,none,high-minus-low differential,-0.11145641367431962,0.1371112008104996,0.4162807535181521,396,138,0.7146295131709413,ok
village,adjacent,provyear,aggregate-farm,rb_farm_any,Share with own-farm production,none,high-instability total,-0.14864682946512667,0.17402292938434874,0.393005506042003,396,138,0.7146295131709413,ok
village,adjacent,stackyear,aggregate-farm,rb_farm_any,Share with own-farm production,baseline_bundle,low-instability DID,-0.026649463764205916,0.05541245585578288,0.6305668739618316,374,131,0.7146295131709413,ok
village,adjacent,stackyear,aggregate-farm,rb_farm_any,Share with own-farm production,baseline_bundle,high-minus-low differential,-0.15988453407775052,0.1372758436027196,0.24414233966987553,374,131,0.7146295131709413,ok
village,adjacent,stackyear,aggregate-farm,rb_farm_any,Share with own-farm production,baseline_bundle,high-instability total,-0.18653399784195643,0.12544257144044962,0.13701292844895005,374,131,0.7146295131709413,ok
village,adjacent,provyear,aggregate-farm,rb_farm_any,Share with own-farm production,baseline_bundle,low-instability DID,-0.059803351224269,0.10248080121039502,0.5595186448409978,358,128,0.7146295131709413,ok
village,adjacent,provyear,aggregate-farm,rb_farm_any,Share with own-farm production,baseline_bundle,high-minus-low differential,-0.22964435160440735,0.16532583112964727,0.1648202943575766,358,128,0.7146295131709413,ok
village,adjacent,provyear,aggregate-farm,rb_farm_any,Share with own-farm production,baseline_bundle,high-instability total,-0.2894477028286764,0.19521519166126952,0.13815122335402322,358,128,0.7146295131709413,ok
village,adjacent,stackyear,aggregate-farm,asinh_rb_farm_cost_w99,Mean asinh farm cost,none,low-instability DID,-0.42151639921990647,0.33967130201748896,0.21462280960922664,380,133,7.889161507729495,ok
village,adjacent,stackyear,aggregate-farm,asinh_rb_farm_cost_w99,Mean asinh farm cost,none,high-minus-low differential,0.3470753077481008,0.6490864383501536,0.5928479566623581,380,133,7.889161507729495,ok
village,adjacent,stackyear,aggregate-farm,asinh_rb_farm_cost_w99,Mean asinh farm cost,none,high-instability total,-0.07444109147180566,0.5452157819284177,0.8913982783236281,380,133,7.889161507729495,ok
village,adjacent,provyear,aggregate-farm,asinh_rb_farm_cost_w99,Mean asinh farm cost,none,low-instability DID,-0.5220409530097816,0.9050127549022304,0.5640524758140112,364,130,7.889161507729495,ok
village,adjacent,provyear,aggregate-farm,asinh_rb_farm_cost_w99,Mean asinh farm cost,none,high-minus-low differential,-0.11959718393569721,0.49788275664702586,0.8101662675852006,364,130,7.889161507729495,ok
village,adjacent,provyear,aggregate-farm,asinh_rb_farm_cost_w99,Mean asinh farm cost,none,high-instability total,-0.6416381369454788,1.075538925755232,0.5507920964613835,364,130,7.889161507729495,ok
village,adjacent,stackyear,aggregate-farm,asinh_rb_farm_cost_w99,Mean asinh farm cost,baseline_bundle,low-instability DID,-0.49346832582047573,0.35333409311882213,0.16253224564952862,360,127,7.889161507729495,ok
village,adjacent,stackyear,aggregate-farm,asinh_rb_farm_cost_w99,Mean asinh farm cost,baseline_bundle,high-minus-low differential,0.36062453216287105,0.6015464099883265,0.5488423256670294,360,127,7.889161507729495,ok
village,adjacent,stackyear,aggregate-farm,asinh_rb_farm_cost_w99,Mean asinh farm cost,baseline_bundle,high-instability total,-0.13284379365760468,0.4750576955304523,0.779755880154354,360,127,7.889161507729495,ok
village,adjacent,provyear,aggregate-farm,asinh_rb_farm_cost_w99,Mean asinh farm cost,baseline_bundle,low-instability DID,-0.35429937015798485,0.7453476240403958,0.6345390780858592,346,124,7.889161507729495,ok
village,adjacent,provyear,aggregate-farm,asinh_rb_farm_cost_w99,Mean asinh farm cost,baseline_bundle,high-minus-low differential,-0.20362548603030953,0.43634166155033044,0.6407394029719333,346,124,7.889161507729495,ok
village,adjacent,provyear,aggregate-farm,asinh_rb_farm_cost_w99,Mean asinh farm cost,baseline_bundle,high-instability total,-0.5579248561882943,0.887838034561366,0.5297364523817947,346,124,7.889161507729495,ok
village,adjacent,stackyear,aggregate-farm,asinh_rb_inc_farm_w99,Mean asinh farm income,none,low-instability DID,-1.609097995057305,0.7043354263423095,0.0223385195181031,412,141,6.001387497168813,ok
village,adjacent,stackyear,aggregate-farm,asinh_rb_inc_farm_w99,Mean asinh farm income,none,high-minus-low differential,0.6634452858221077,1.431486465495305,0.6430303903813845,412,141,6.001387497168813,ok
village,adjacent,stackyear,aggregate-farm,asinh_rb_inc_farm_w99,Mean asinh farm income,none,high-instability total,-0.9456527092351973,1.2328530379406246,0.44305526684485597,412,141,6.001387497168813,ok
village,adjacent,provyear,aggregate-farm,asinh_rb_inc_farm_w99,Mean asinh farm income,none,low-instability DID,-0.9636045091316119,0.8178451668799729,0.23870746066031145,396,138,6.001387497168813,ok
village,adjacent,provyear,aggregate-farm,asinh_rb_inc_farm_w99,Mean asinh farm income,none,high-minus-low differential,-0.7652484397274931,1.2427386144733747,0.5380424614854697,396,138,6.001387497168813,ok
village,adjacent,provyear,aggregate-farm,asinh_rb_inc_farm_w99,Mean asinh farm income,none,high-instability total,-1.728852948859105,1.5143339603885513,0.25359580200754517,396,138,6.001387497168813,ok
village,adjacent,stackyear,aggregate-farm,asinh_rb_inc_farm_w99,Mean asinh farm income,baseline_bundle,low-instability DID,-1.450458274267729,0.7921430188270876,0.06709217618479825,374,131,6.001387497168813,ok
village,adjacent,stackyear,aggregate-farm,asinh_rb_inc_farm_w99,Mean asinh farm income,baseline_bundle,high-minus-low differential,0.4971206522385172,1.4259175508803144,0.7273655140448547,374,131,6.001387497168813,ok
village,adjacent,stackyear,aggregate-farm,asinh_rb_inc_farm_w99,Mean asinh farm income,baseline_bundle,high-instability total,-0.9533376220292118,1.1616678326330874,0.41183834318374757,374,131,6.001387497168813,ok
village,adjacent,provyear,aggregate-farm,asinh_rb_inc_farm_w99,Mean asinh farm income,baseline_bundle,low-instability DID,-0.7131588902451679,1.018372606399929,0.48374453701519393,358,128,6.001387497168813,ok
village,adjacent,provyear,aggregate-farm,asinh_rb_inc_farm_w99,Mean asinh farm income,baseline_bundle,high-minus-low differential,-1.0488634959387013,1.160372709422401,0.3660472391716998,358,128,6.001387497168813,ok
village,adjacent,provyear,aggregate-farm,asinh_rb_inc_farm_w99,Mean asinh farm income,baseline_bundle,high-instability total,-1.7620223861838693,1.496638820843565,0.2390679218720001,358,128,6.001387497168813,ok
village,adjacent,stackyear,aggregate-cooccurrence,rentin_and_nonfarm_ge2,Share rent-in and >=2 nonfarm,none,low-instability DID,0.005188544278142028,0.006466142244320789,0.4223116200844912,406,140,0.01099766939859819,ok
village,adjacent,stackyear,aggregate-cooccurrence,rentin_and_nonfarm_ge2,Share rent-in and >=2 nonfarm,none,high-minus-low differential,-0.03271745844425914,0.03637675516567189,0.36843664078150684,406,140,0.01099766939859819,ok
village,adjacent,stackyear,aggregate-cooccurrence,rentin_and_nonfarm_ge2,Share rent-in and >=2 nonfarm,none,high-instability total,-0.027528914166117115,0.035628733195676394,0.4397233398889555,406,140,0.01099766939859819,ok
village,adjacent,provyear,aggregate-cooccurrence,rentin_and_nonfarm_ge2,Share rent-in and >=2 nonfarm,none,low-instability DID,0.017367205168139697,0.023894754759613425,0.4673357292106468,388,135,0.01099766939859819,ok
village,adjacent,provyear,aggregate-cooccurrence,rentin_and_nonfarm_ge2,Share rent-in and >=2 nonfarm,none,high-minus-low differential,-0.0387391623117052,0.04420095098963883,0.3807948050513694,388,135,0.01099766939859819,ok
village,adjacent,provyear,aggregate-cooccurrence,rentin_and_nonfarm_ge2,Share rent-in and >=2 nonfarm,none,high-instability total,-0.0213719571435655,0.051812483909782645,0.6799827746590269,388,135,0.01099766939859819,ok
village,adjacent,stackyear,aggregate-cooccurrence,rentin_and_nonfarm_ge2,Share rent-in and >=2 nonfarm,baseline_bundle,low-instability DID,0.019331796650955742,0.013131840295617482,0.14098535220823333,368,130,0.01099766939859819,ok
village,adjacent,stackyear,aggregate-cooccurrence,rentin_and_nonfarm_ge2,Share rent-in and >=2 nonfarm,baseline_bundle,high-minus-low differential,-0.06583627837594094,0.044409716543497894,0.13821404755936306,368,130,0.01099766939859819,ok
village,adjacent,stackyear,aggregate-cooccurrence,rentin_and_nonfarm_ge2,Share rent-in and >=2 nonfarm,baseline_bundle,high-instability total,-0.0465044817249852,0.04209955338839479,0.26931941018342564,368,130,0.01099766939859819,ok
village,adjacent,provyear,aggregate-cooccurrence,rentin_and_nonfarm_ge2,Share rent-in and >=2 nonfarm,baseline_bundle,low-instability DID,0.018618880542272787,0.030817698729602664,0.5457359845645207,350,125,0.01099766939859819,ok
village,adjacent,provyear,aggregate-cooccurrence,rentin_and_nonfarm_ge2,Share rent-in and >=2 nonfarm,baseline_bundle,high-minus-low differential,-0.055154034505728734,0.0494154287601331,0.26436656162607797,350,125,0.01099766939859819,ok
village,adjacent,provyear,aggregate-cooccurrence,rentin_and_nonfarm_ge2,Share rent-in and >=2 nonfarm,baseline_bundle,high-instability total,-0.03653515396345595,0.06036167686285278,0.5449991511815124,350,125,0.01099766939859819,ok
village,adjacent,stackyear,aggregate-cooccurrence,rentin_and_farm_any,Share rent-in and own-farm,none,low-instability DID,-0.0006711782774249328,0.03027846482488,0.9823148586016275,406,140,0.10191127448171491,ok
village,adjacent,stackyear,aggregate-cooccurrence,rentin_and_farm_any,Share rent-in and own-farm,none,high-minus-low differential,0.030220855928888665,0.09704990154612932,0.7555003401280113,406,140,0.10191127448171491,ok
village,adjacent,stackyear,aggregate-cooccurrence,rentin_and_farm_any,Share rent-in and own-farm,none,high-instability total,0.029549677651463734,0.09221277483017568,0.7486264553617086,406,140,0.10191127448171491,ok
village,adjacent,provyear,aggregate-cooccurrence,rentin_and_farm_any,Share rent-in and own-farm,none,low-instability DID,-0.08912072239533526,0.06916094687384212,0.1975375543255865,388,135,0.10191127448171491,ok
village,adjacent,provyear,aggregate-cooccurrence,rentin_and_farm_any,Share rent-in and own-farm,none,high-minus-low differential,-0.011734735818863976,0.10979468387995418,0.9148850470198554,388,135,0.10191127448171491,ok
village,adjacent,provyear,aggregate-cooccurrence,rentin_and_farm_any,Share rent-in and own-farm,none,high-instability total,-0.10085545821419924,0.1286442469653976,0.43304755151122976,388,135,0.10191127448171491,ok
village,adjacent,stackyear,aggregate-cooccurrence,rentin_and_farm_any,Share rent-in and own-farm,baseline_bundle,low-instability DID,-0.009339323478796596,0.042208397568954184,0.8248845807270568,368,130,0.10191127448171491,ok
village,adjacent,stackyear,aggregate-cooccurrence,rentin_and_farm_any,Share rent-in and own-farm,baseline_bundle,high-minus-low differential,0.07567704611105466,0.13236423578349765,0.5675026463924144,368,130,0.10191127448171491,ok
village,adjacent,stackyear,aggregate-cooccurrence,rentin_and_farm_any,Share rent-in and own-farm,baseline_bundle,high-instability total,0.06633772263225807,0.1250946297827544,0.5959037224903913,368,130,0.10191127448171491,ok
village,adjacent,provyear,aggregate-cooccurrence,rentin_and_farm_any,Share rent-in and own-farm,baseline_bundle,low-instability DID,-0.08040947970538474,0.07825497441972293,0.30417008949118673,350,125,0.10191127448171491,ok
village,adjacent,provyear,aggregate-cooccurrence,rentin_and_farm_any,Share rent-in and own-farm,baseline_bundle,high-minus-low differential,0.02099332972240661,0.11384900906259167,0.853702615683594,350,125,0.10191127448171491,ok
village,adjacent,provyear,aggregate-cooccurrence,rentin_and_farm_any,Share rent-in and own-farm,baseline_bundle,high-instability total,-0.05941614998297813,0.13603619449995846,0.6622801767822544,350,125,0.10191127448171491,ok
