threshold,window,ctrlset,restriction,outcome,fespec,b,se,p,N,households,clusters,meandv,treated_hh,treated_counties,control_hh,control_counties
completed_t,w12_14_c2016,never_only,drop_adminstart2014,any_abandon,hh_provyear,-.1619164619164654,.15094784,.28572723,2370,1185,113,.1286919831223629,42,3,1143,110
completed_t,w12_14_c2016,never_only,drop_adminstart2014,any_abandon,hh_year,-.0710536182977116,.16729298,.67185152,2370,1185,113,.1286919831223629,42,3,1143,110
completed_t,w12_14_c2016,never_only,drop_adminstart2014,any_rentin,hh_provyear,.0913397244823987,.082679532,.27163818,2354,1177,113,.1444350042480884,41,3,1136,110
completed_t,w12_14_c2016,never_only,drop_adminstart2014,any_rentin,hh_year,.0898960838199924,.07658343,.24295239,2354,1177,113,.1444350042480884,41,3,1136,110
completed_t,w12_14_c2016,never_only,drop_adminstart2014,asinh_abandon,hh_provyear,-.1650671699833929,.18944404,.38544106,2368,1184,113,.2065034236617969,42,3,1142,110
completed_t,w12_14_c2016,never_only,drop_adminstart2014,asinh_abandon,hh_year,-.0752547530435702,.19771814,.70420891,2368,1184,113,.2065034236617969,42,3,1142,110
completed_t,w12_14_c2016,never_only,drop_adminstart2014,asinh_land_total,hh_provyear,-.1469053721772671,.15062928,.33152434,2254,1127,113,1.981222601000683,41,3,1086,110
completed_t,w12_14_c2016,never_only,drop_adminstart2014,asinh_land_total,hh_year,-.0661750793068393,.10167224,.5164656,2254,1127,113,1.981222601000683,41,3,1086,110
completed_t,w12_14_c2016,never_only,drop_adminstart2014,asinh_rentin,hh_provyear,.1783353339877045,.10901363,.10466789,2354,1177,113,.2776125670729401,41,3,1136,110
completed_t,w12_14_c2016,never_only,drop_adminstart2014,asinh_rentin,hh_year,.1944116001267238,.095523275,.044188857,2354,1177,113,.2776125670729401,41,3,1136,110
completed_t,w12_14_c2016,never_only,drop_official2014prov,any_abandon,hh_provyear,-.1365358714195931,.12283465,.26880348,2300,1150,109,.1252173913043478,55,4,1095,105
completed_t,w12_14_c2016,never_only,drop_official2014prov,any_abandon,hh_year,-.0511415525114157,.13536485,.70631677,2300,1150,109,.1252173913043478,55,4,1095,105
completed_t,w12_14_c2016,never_only,drop_official2014prov,any_rentin,hh_provyear,.0989283802482614,.061607692,.11124243,2284,1142,109,.1444833625218914,54,4,1088,105
completed_t,w12_14_c2016,never_only,drop_official2014prov,any_rentin,hh_year,.0887799564270189,.058734421,.1335692,2284,1142,109,.1444833625218914,54,4,1088,105
completed_t,w12_14_c2016,never_only,drop_official2014prov,asinh_abandon,hh_provyear,-.1873071375229148,.15063675,.21639968,2298,1149,109,.2030105796656654,55,4,1094,105
completed_t,w12_14_c2016,never_only,drop_official2014prov,asinh_abandon,hh_year,-.0491290550654523,.16065735,.7603454,2298,1149,109,.2030105796656654,55,4,1094,105
completed_t,w12_14_c2016,never_only,drop_official2014prov,asinh_land_total,hh_provyear,-.2095521204674567,.12843204,.10567246,2184,1092,109,2.005697995582389,52,4,1040,105
completed_t,w12_14_c2016,never_only,drop_official2014prov,asinh_land_total,hh_year,-.0912987436959444,.091281958,.3194572,2184,1092,109,2.005697995582389,52,4,1040,105
completed_t,w12_14_c2016,never_only,drop_official2014prov,asinh_rentin,hh_provyear,.1750654295761279,.083444767,.038239609,2284,1142,109,.2812756553045513,54,4,1088,105
completed_t,w12_14_c2016,never_only,drop_official2014prov,asinh_rentin,hh_year,.1809777427509373,.077838123,.021938402,2284,1142,109,.2812756553045513,54,4,1088,105
completed_t,w12_14_c2016,never_only,full,any_abandon,hh_provyear,-.1093175370830749,.091094121,.23223713,2732,1366,135,.1185944363103953,135,13,1231,122
completed_t,w12_14_c2016,never_only,full,any_abandon,hh_year,-.0734964046093142,.057291996,.20176296,2732,1366,135,.1185944363103953,135,13,1231,122
completed_t,w12_14_c2016,never_only,full,any_rentin,hh_provyear,.0596121558853034,.053001877,.26271927,2714,1357,135,.1392778187177598,133,13,1224,122
completed_t,w12_14_c2016,never_only,full,any_rentin,hh_year,.0313774632660099,.046037659,.49669299,2714,1357,135,.1392778187177598,133,13,1224,122
completed_t,w12_14_c2016,never_only,full,asinh_abandon,hh_provyear,-.1442637386329711,.11455949,.2101144,2730,1365,135,.1900362342510573,135,13,1230,122
completed_t,w12_14_c2016,never_only,full,asinh_abandon,hh_year,-.1056522484595986,.0717545,.14325431,2730,1365,135,.1900362342510573,135,13,1230,122
completed_t,w12_14_c2016,never_only,full,asinh_land_total,hh_provyear,-.2848678431996519,.11531706,.014755978,2614,1307,135,2.025561185370346,138,13,1169,122
completed_t,w12_14_c2016,never_only,full,asinh_land_total,hh_year,-.1655889798664162,.074407607,.027723851,2614,1307,135,2.025561185370346,138,13,1169,122
completed_t,w12_14_c2016,never_only,full,asinh_rentin,hh_provyear,.1206494832401391,.080586769,.13670924,2714,1357,135,.266976686797072,133,13,1224,122
completed_t,w12_14_c2016,never_only,full,asinh_rentin,hh_year,.0759683557867996,.070589341,.28377098,2714,1357,135,.266976686797072,133,13,1224,122
completed_t,w12_14_c2016,never_plus_next,drop_adminstart2014,any_abandon,hh_provyear,-.1619164619164668,.15087804,.28533438,2520,1260,122,.1293650793650794,42,3,1218,119
completed_t,w12_14_c2016,never_plus_next,drop_adminstart2014,any_abandon,hh_year,-.0738916256157666,.16713908,.65920848,2520,1260,122,.1293650793650794,42,3,1218,119
completed_t,w12_14_c2016,never_plus_next,drop_adminstart2014,any_rentin,hh_provyear,.0913397244823993,.082638577,.27122617,2512,1256,122,.1468949044585987,41,3,1215,119
completed_t,w12_14_c2016,never_plus_next,drop_adminstart2014,any_rentin,hh_year,.0863394559871546,.07660266,.2619271,2512,1256,122,.1468949044585987,41,3,1215,119
completed_t,w12_14_c2016,never_plus_next,drop_adminstart2014,asinh_abandon,hh_provyear,-.1650671699833922,.18935634,.38508335,2518,1259,122,.2040172932758549,42,3,1217,119
completed_t,w12_14_c2016,never_plus_next,drop_adminstart2014,asinh_abandon,hh_year,-.0744792105747269,.19730532,.70647669,2518,1259,122,.2040172932758549,42,3,1217,119
completed_t,w12_14_c2016,never_plus_next,drop_adminstart2014,asinh_land_total,hh_provyear,-.146905372177267,.15055546,.3311322,2402,1201,122,1.972693581542667,41,3,1160,119
completed_t,w12_14_c2016,never_plus_next,drop_adminstart2014,asinh_land_total,hh_year,-.0641135350540306,.10081106,.52599239,2402,1201,122,1.972693581542667,41,3,1160,119
completed_t,w12_14_c2016,never_plus_next,drop_adminstart2014,asinh_rentin,hh_provyear,.1783353339877023,.10895963,.10428941,2512,1256,122,.2818946842930974,41,3,1215,119
completed_t,w12_14_c2016,never_plus_next,drop_adminstart2014,asinh_rentin,hh_year,.1821851576989398,.095335446,.058371477,2512,1256,122,.2818946842930974,41,3,1215,119
completed_t,w12_14_c2016,never_plus_next,drop_official2014prov,any_abandon,hh_provyear,-.1365358714195947,.1227724,.26837265,2450,1225,118,.1261224489795919,55,4,1170,114
completed_t,w12_14_c2016,never_plus_next,drop_official2014prov,any_abandon,hh_year,-.0538461538461561,.13518985,.69113475,2450,1225,118,.1261224489795919,55,4,1170,114
completed_t,w12_14_c2016,never_plus_next,drop_official2014prov,any_rentin,hh_provyear,.0989283802482617,.061574299,.1108266,2442,1221,118,.147010647010647,54,4,1167,114
completed_t,w12_14_c2016,never_plus_next,drop_official2014prov,any_rentin,hh_year,.0852137484528224,.05877585,.14978714,2442,1221,118,.147010647010647,54,4,1167,114
completed_t,w12_14_c2016,never_plus_next,drop_official2014prov,asinh_abandon,hh_provyear,-.1873071375229152,.15056032,.2159615,2448,1224,118,.2006673812537444,55,4,1169,114
completed_t,w12_14_c2016,never_plus_next,drop_official2014prov,asinh_abandon,hh_year,-.0483126563112667,.16013423,.76341558,2448,1224,118,.2006673812537444,55,4,1169,114
completed_t,w12_14_c2016,never_plus_next,drop_official2014prov,asinh_land_total,hh_provyear,-.209552120467457,.12836292,.10526329,2332,1166,118,1.995359632316418,52,4,1114,114
completed_t,w12_14_c2016,never_plus_next,drop_official2014prov,asinh_land_total,hh_year,-.0888084512961502,.090167999,.32669476,2332,1166,118,1.995359632316418,52,4,1114,114
completed_t,w12_14_c2016,never_plus_next,drop_official2014prov,asinh_rentin,hh_provyear,.1750654295761274,.083399534,.037956718,2442,1221,118,.2854435138288923,54,4,1167,114
completed_t,w12_14_c2016,never_plus_next,drop_official2014prov,asinh_rentin,hh_year,.1685635689880594,.077566087,.031783693,2442,1221,118,.2854435138288923,54,4,1167,114
completed_t,w12_14_c2016,never_plus_next,full,any_abandon,hh_provyear,-.1093175370830761,.09106265,.23194359,2882,1441,144,.1197085357390701,135,13,1306,131
completed_t,w12_14_c2016,never_plus_next,full,any_abandon,hh_year,-.0763371334581161,.057044089,.18295102,2882,1441,144,.1197085357390701,135,13,1306,131
completed_t,w12_14_c2016,never_plus_next,full,any_rentin,hh_provyear,.0596121558853041,.052982051,.2624152,2872,1436,144,.1417130919220056,133,13,1303,131
completed_t,w12_14_c2016,never_plus_next,full,any_rentin,hh_year,.0280844090271729,.046104215,.54339117,2872,1436,144,.1417130919220056,133,13,1303,131
completed_t,w12_14_c2016,never_plus_next,full,asinh_abandon,hh_provyear,-.1442637386329714,.11451986,.20982005,2880,1440,144,.1887202627579353,135,13,1305,131
completed_t,w12_14_c2016,never_plus_next,full,asinh_abandon,hh_year,-.1051945199420917,.070947826,.14035393,2880,1440,144,.1887202627579353,135,13,1305,131
completed_t,w12_14_c2016,never_plus_next,full,asinh_land_total,hh_provyear,-.2848678431996512,.11527489,.014640248,2762,1381,144,2.015767986519925,138,13,1243,131
completed_t,w12_14_c2016,never_plus_next,full,asinh_land_total,hh_year,-.1636386562058443,.073498368,.027549636,2762,1381,144,2.015767986519925,138,13,1243,131
completed_t,w12_14_c2016,never_plus_next,full,asinh_rentin,hh_provyear,.1206494832401418,.080556624,.13641587,2872,1436,144,.2713071699240296,133,13,1303,131
completed_t,w12_14_c2016,never_plus_next,full,asinh_rentin,hh_year,.0646634202269344,.070420444,.36003533,2872,1436,144,.2713071699240296,133,13,1303,131
completed_t,w12_14_c2016,next_only,drop_adminstart2014,any_abandon,hh_provyear,0,0,,232,116,11,.1551724137931035,42,3,74,8
completed_t,w12_14_c2016,next_only,drop_adminstart2014,any_abandon,hh_year,-.1171428571428571,.17568274,.51865005,234,117,12,.1538461538461539,42,3,75,9
completed_t,w12_14_c2016,next_only,drop_adminstart2014,any_rentin,hh_provyear,0,0,,238,119,11,.2310924369747899,41,3,78,8
completed_t,w12_14_c2016,next_only,drop_adminstart2014,any_rentin,hh_year,.0351960481630133,.11726221,.76966023,240,120,12,.2333333333333333,41,3,79,9
completed_t,w12_14_c2016,next_only,drop_adminstart2014,asinh_abandon,hh_provyear,0,0,,232,116,11,.178567131572864,42,3,74,8
completed_t,w12_14_c2016,next_only,drop_adminstart2014,asinh_abandon,hh_year,-.062670283915787,.20670293,.76740211,234,117,12,.1770409167730959,42,3,75,9
completed_t,w12_14_c2016,next_only,drop_adminstart2014,asinh_land_total,hh_provyear,0,0,,228,114,11,1.715489042073338,41,3,73,8
completed_t,w12_14_c2016,next_only,drop_adminstart2014,asinh_land_total,hh_year,-.0338589802087166,.22549191,.88335937,230,115,12,1.737249946486111,41,3,74,9
completed_t,w12_14_c2016,next_only,drop_adminstart2014,asinh_rentin,hh_provyear,0,0,,238,119,11,.382481726520403,41,3,78,8
completed_t,w12_14_c2016,next_only,drop_adminstart2014,asinh_rentin,hh_year,.0063720108890796,.17529511,.97165442,240,120,12,.3948703622588228,41,3,79,9
completed_t,w12_14_c2016,next_only,drop_official2014prov,any_abandon,hh_provyear,0,0,,258,129,12,.1434108527131783,55,4,74,8
completed_t,w12_14_c2016,next_only,drop_official2014prov,any_abandon,hh_year,-.0933333333333335,.14200091,.52341253,260,130,13,.1423076923076923,55,4,75,9
completed_t,w12_14_c2016,next_only,drop_official2014prov,any_rentin,hh_provyear,0,0,,264,132,12,.2121212121212121,54,4,78,8
completed_t,w12_14_c2016,next_only,drop_official2014prov,any_rentin,hh_year,.0360993905297702,.10497992,.73689473,266,133,13,.2142857142857143,54,4,79,9
completed_t,w12_14_c2016,next_only,drop_official2014prov,asinh_abandon,hh_provyear,0,0,,258,129,12,.1661674806204777,55,4,74,8
completed_t,w12_14_c2016,next_only,drop_official2014prov,asinh_abandon,hh_year,-.036404119816887,.16720036,.83129972,260,130,13,.1648892692310894,55,4,75,9
completed_t,w12_14_c2016,next_only,drop_official2014prov,asinh_land_total,hh_provyear,0,0,,250,125,12,1.782579061358412,52,4,73,8
completed_t,w12_14_c2016,next_only,drop_official2014prov,asinh_land_total,hh_year,-.0538097472990843,.21916001,.81019711,252,126,13,1.801907743804315,52,4,74,9
completed_t,w12_14_c2016,next_only,drop_official2014prov,asinh_rentin,hh_provyear,0,0,,264,132,12,.350281387829677,54,4,78,8
completed_t,w12_14_c2016,next_only,drop_official2014prov,asinh_rentin,hh_year,-.0024063177713695,.16456164,.98857355,266,133,13,.3617012120950988,54,4,79,9
completed_t,w12_14_c2016,next_only,full,any_abandon,hh_provyear,0,0,,418,209,21,.1028708133971292,135,13,74,8
completed_t,w12_14_c2016,next_only,full,any_abandon,hh_year,-.1229629629629629,.061685435,.059370469,420,210,22,.1023809523809524,135,13,75,9
completed_t,w12_14_c2016,next_only,full,any_rentin,hh_provyear,0,0,,422,211,21,.1753554502369668,133,13,78,8
completed_t,w12_14_c2016,next_only,full,any_rentin,hh_year,-.0229370895593414,.09631639,.81407833,424,212,22,.1768867924528302,133,13,79,9
completed_t,w12_14_c2016,next_only,full,asinh_abandon,hh_provyear,0,0,,418,209,21,.1242503746305799,135,13,74,8
completed_t,w12_14_c2016,next_only,full,asinh_abandon,hh_year,-.0976877722549721,.075044394,.20710699,420,210,22,.1236587061799581,135,13,75,9
completed_t,w12_14_c2016,next_only,full,asinh_land_total,hh_provyear,0,0,,422,211,21,2.025263045713184,138,13,73,8
completed_t,w12_14_c2016,next_only,full,asinh_land_total,hh_year,-.1328288135141447,.20964473,.53318906,424,212,22,2.035606111768981,138,13,74,9
completed_t,w12_14_c2016,next_only,full,asinh_rentin,hh_provyear,0,0,,422,211,21,.2950229019687886,133,13,78,8
completed_t,w12_14_c2016,next_only,full,asinh_rentin,hh_year,-.1104915307258314,.15872543,.49398848,424,212,22,.3024478789176658,133,13,79,9
completed_t,w12_14_c2018,never_only,drop_adminstart2014,any_abandon,hh_provyear,.0328763506694945,.044699077,.46349201,2436,1218,119,.1276683087027915,75,9,1143,110
completed_t,w12_14_c2018,never_only,drop_adminstart2014,any_abandon,hh_year,.0460892388451437,.030184392,.12945624,2436,1218,119,.1276683087027915,75,9,1143,110
completed_t,w12_14_c2018,never_only,drop_adminstart2014,any_rentin,hh_provyear,.0577121808016659,.10512125,.58403885,2430,1215,119,.1407407407407407,79,9,1136,110
completed_t,w12_14_c2018,never_only,drop_adminstart2014,any_rentin,hh_year,.0547000356569741,.084214881,.51725864,2430,1215,119,.1407407407407407,79,9,1136,110
completed_t,w12_14_c2018,never_only,drop_adminstart2014,asinh_abandon,hh_provyear,-.0066186536035257,.066311307,.92066306,2434,1217,119,.2041920325312923,75,9,1142,110
completed_t,w12_14_c2018,never_only,drop_adminstart2014,asinh_abandon,hh_year,-.0125844691277798,.049733173,.80067784,2434,1217,119,.2041920325312923,75,9,1142,110
completed_t,w12_14_c2018,never_only,drop_adminstart2014,asinh_land_total,hh_provyear,.0196576908855943,.2142653,.92705649,2320,1160,119,1.987748592837772,74,9,1086,110
completed_t,w12_14_c2018,never_only,drop_adminstart2014,asinh_land_total,hh_year,-.0323160990981284,.20402564,.87441838,2320,1160,119,1.987748592837772,74,9,1086,110
completed_t,w12_14_c2018,never_only,drop_adminstart2014,asinh_rentin,hh_provyear,.1973824684505018,.16324484,.22903419,2430,1215,119,.2748847835624292,79,9,1136,110
completed_t,w12_14_c2018,never_only,drop_adminstart2014,asinh_rentin,hh_year,.1880395892376222,.14443204,.19547799,2430,1215,119,.2748847835624292,79,9,1136,110
completed_t,w12_14_c2018,never_only,drop_official2014prov,any_abandon,hh_provyear,.0328763506694945,.044724278,.46380785,2340,1170,114,.1252136752136752,75,9,1095,105
completed_t,w12_14_c2018,never_only,drop_official2014prov,any_abandon,hh_year,.0421917808219193,.030257253,.1659217,2340,1170,114,.1252136752136752,75,9,1095,105
completed_t,w12_14_c2018,never_only,drop_official2014prov,any_rentin,hh_provyear,.0577121808016658,.10518073,.584297,2334,1167,114,.1418166238217652,79,9,1088,105
completed_t,w12_14_c2018,never_only,drop_official2014prov,any_rentin,hh_year,.0526805658972483,.084290303,.53323793,2334,1167,114,.1418166238217652,79,9,1088,105
completed_t,w12_14_c2018,never_only,drop_official2014prov,asinh_abandon,hh_provyear,-.0066186536035257,.066348739,.92071515,2338,1169,114,.2023430181978403,75,9,1094,105
completed_t,w12_14_c2018,never_only,drop_official2014prov,asinh_abandon,hh_year,-.0127249352485622,.050359771,.80097413,2338,1169,114,.2023430181978403,75,9,1094,105
completed_t,w12_14_c2018,never_only,drop_official2014prov,asinh_land_total,hh_provyear,.0196576908855943,.2143908,.92710596,2228,1114,114,2.007105992519366,74,9,1040,105
completed_t,w12_14_c2018,never_only,drop_official2014prov,asinh_land_total,hh_year,-.0374889963968554,.20463769,.85497183,2228,1114,114,2.007105992519366,74,9,1040,105
completed_t,w12_14_c2018,never_only,drop_official2014prov,asinh_rentin,hh_provyear,.1973824684505021,.1633372,.22940257,2334,1167,114,.2808311921197165,79,9,1088,105
completed_t,w12_14_c2018,never_only,drop_official2014prov,asinh_rentin,hh_year,.1833840605223007,.14475767,.20781924,2334,1167,114,.2808311921197165,79,9,1088,105
completed_t,w12_14_c2018,never_only,full,any_abandon,hh_provyear,.0328763506694945,.04470633,.4634299,2612,1306,131,.1236600306278714,75,9,1231,122
completed_t,w12_14_c2018,never_only,full,any_abandon,hh_year,.0494665583536453,.029743686,.098702624,2612,1306,131,.1236600306278714,75,9,1231,122
completed_t,w12_14_c2018,never_only,full,any_rentin,hh_provyear,.0577121808016658,.10513829,.58400404,2606,1303,131,.1385264773599386,79,9,1224,122
completed_t,w12_14_c2018,never_only,full,any_rentin,hh_year,.054314552825352,.084058873,.51932192,2606,1303,131,.1385264773599386,79,9,1224,122
completed_t,w12_14_c2018,never_only,full,asinh_abandon,hh_provyear,-.0066186536035255,.066322058,.92066032,2610,1305,131,.1978134625995168,75,9,1230,122
completed_t,w12_14_c2018,never_only,full,asinh_abandon,hh_year,-.0079644762046259,.0484014,.86955333,2610,1305,131,.1978134625995168,75,9,1230,122
completed_t,w12_14_c2018,never_only,full,asinh_land_total,hh_provyear,.0196576908855943,.2143075,.92705649,2486,1243,131,2.002087058563127,74,9,1169,122
completed_t,w12_14_c2018,never_only,full,asinh_land_total,hh_year,-.0327601663522546,.2032028,.87217116,2486,1243,131,2.002087058563127,74,9,1169,122
completed_t,w12_14_c2018,never_only,full,asinh_rentin,hh_provyear,.1973824684505018,.16327129,.2288865,2606,1303,131,.2707504817403233,79,9,1224,122
completed_t,w12_14_c2018,never_only,full,asinh_rentin,hh_year,.1864598865126423,.14403324,.19776624,2606,1303,131,.2707504817403233,79,9,1224,122
completed_t,w14_16_c2018,never_only,drop_adminstart2014,any_abandon,hh_provyear,-.0717208456467379,.10767076,.50674653,1812,906,110,.151766004415011,112,14,794,96
completed_t,w14_16_c2018,never_only,drop_adminstart2014,any_abandon,hh_year,-.042900873824232,.05385467,.42738131,1816,908,112,.1519823788546255,113,15,795,97
completed_t,w14_16_c2018,never_only,drop_adminstart2014,any_rentin,hh_provyear,-.0585126751933829,.058459375,.31908628,1808,904,110,.1344026548672566,111,14,793,96
completed_t,w14_16_c2018,never_only,drop_adminstart2014,any_rentin,hh_year,-.0597562072688006,.043419633,.17151481,1812,906,112,.1352097130242826,112,15,794,97
completed_t,w14_16_c2018,never_only,drop_adminstart2014,asinh_abandon,hh_provyear,.007119251357347,.12491296,.95465457,1802,901,110,.2200501344733964,112,14,789,96
completed_t,w14_16_c2018,never_only,drop_adminstart2014,asinh_abandon,hh_year,.0074174564343375,.053940464,.89087528,1806,903,112,.2212229043584487,113,15,790,97
completed_t,w14_16_c2018,never_only,drop_adminstart2014,asinh_land_total,hh_provyear,-.2236455927899173,.51207042,.66314274,1676,838,112,2.096966121592546,104,15,734,97
completed_t,w14_16_c2018,never_only,drop_adminstart2014,asinh_land_total,hh_year,-.3939733284728419,.40475008,.33244634,1680,840,114,2.098792777222052,105,16,735,98
completed_t,w14_16_c2018,never_only,drop_adminstart2014,asinh_rentin,hh_provyear,-.0694279915698293,.098605186,.48287153,1802,901,110,.2668481494900786,111,14,790,96
completed_t,w14_16_c2018,never_only,drop_adminstart2014,asinh_rentin,hh_year,-.1052857039285206,.082114726,.20245157,1806,903,112,.2708716287736817,112,15,791,97
completed_t,w14_16_c2018,never_only,drop_official2014prov,any_abandon,hh_provyear,-.071720845646738,.10776909,.50720096,1712,856,105,.1477803738317757,112,14,744,91
completed_t,w14_16_c2018,never_only,drop_official2014prov,any_abandon,hh_year,-.0413137732375115,.054035764,.44623023,1716,858,107,.148018648018648,113,15,745,92
completed_t,w14_16_c2018,never_only,drop_official2014prov,any_rentin,hh_provyear,-.058512675193383,.05851208,.31962666,1710,855,105,.1333333333333333,111,14,744,91
completed_t,w14_16_c2018,never_only,drop_official2014prov,any_rentin,hh_year,-.0540388302972181,.04364828,.21843196,1714,857,107,.1341890315052509,112,15,745,92
completed_t,w14_16_c2018,never_only,drop_official2014prov,asinh_abandon,hh_provyear,.0071192513573469,.12502804,.95470124,1702,851,105,.2227850399786788,112,14,739,91
completed_t,w14_16_c2018,never_only,drop_official2014prov,asinh_abandon,hh_year,.0052306993001675,.054919772,.92430198,1706,853,107,.2240201412626081,113,15,740,92
completed_t,w14_16_c2018,never_only,drop_official2014prov,asinh_land_total,hh_provyear,-.2236455927899172,.5125615,.66348523,1584,792,107,2.126464225455491,104,15,688,92
completed_t,w14_16_c2018,never_only,drop_official2014prov,asinh_land_total,hh_year,-.4071922363407791,.40513489,.3171058,1588,794,109,2.128322404953047,105,16,689,93
completed_t,w14_16_c2018,never_only,drop_official2014prov,asinh_rentin,hh_provyear,-.0694279915698291,.098694563,.48333907,1704,852,105,.2716895658600872,111,14,741,91
completed_t,w14_16_c2018,never_only,drop_official2014prov,asinh_rentin,hh_year,-.1000840283069974,.082892045,.2299646,1708,854,107,.2759325623007823,112,15,742,92
completed_t,w14_16_c2018,never_only,full,any_abandon,hh_provyear,-.071720845646738,.10774948,.5070067,1846,923,114,.1500541711809318,112,14,811,100
completed_t,w14_16_c2018,never_only,full,any_abandon,hh_year,-.0425585247831199,.053697269,.42966387,1850,925,116,.1502702702702703,113,15,812,101
completed_t,w14_16_c2018,never_only,full,any_rentin,hh_provyear,-.0585126751933829,.058502201,.31936085,1842,921,114,.1335504885993485,111,14,810,100
completed_t,w14_16_c2018,never_only,full,any_rentin,hh_year,-.0631385414831807,.043349586,.14798018,1846,923,116,.1343445287107259,112,15,811,101
completed_t,w14_16_c2018,never_only,full,asinh_abandon,hh_provyear,.0071192513573472,.12500477,.95468414,1836,918,114,.2183574522513438,112,14,806,100
completed_t,w14_16_c2018,never_only,full,asinh_abandon,hh_year,.0060577852740699,.053620733,.91024762,1840,920,116,.2195122311324811,113,15,807,101
completed_t,w14_16_c2018,never_only,full,asinh_land_total,hh_provyear,-.2236455927899173,.51247519,.66336274,1710,855,116,2.104592131053085,104,15,751,101
completed_t,w14_16_c2018,never_only,full,asinh_land_total,hh_year,-.396923922117345,.40457109,.32856876,1714,857,118,2.106364754985249,105,16,752,102
completed_t,w14_16_c2018,never_only,full,asinh_rentin,hh_provyear,-.0694279915698292,.09867765,.48313928,1836,918,114,.2650283065614634,111,14,807,100
completed_t,w14_16_c2018,never_only,full,asinh_rentin,hh_year,-.1119049081190099,.081964761,.17482965,1840,920,116,.2689813951255404,112,15,808,101
high_sat80_t,w12_14_c2016,never_only,drop_adminstart2014,any_abandon,hh_provyear,-.1144233299275205,.095251814,.23245516,2124,1062,102,.134180790960452,184,13,878,89
high_sat80_t,w12_14_c2016,never_only,drop_adminstart2014,any_abandon,hh_year,.0122065960186188,.06656374,.85486591,2124,1062,102,.134180790960452,184,13,878,89
high_sat80_t,w12_14_c2016,never_only,drop_adminstart2014,any_rentin,hh_provyear,.0844101131675362,.087977692,.33962378,2114,1057,102,.1385998107852413,182,13,875,89
high_sat80_t,w12_14_c2016,never_only,drop_adminstart2014,any_rentin,hh_year,.048043956043954,.035205457,.17538834,2114,1057,102,.1385998107852413,182,13,875,89
high_sat80_t,w12_14_c2016,never_only,drop_adminstart2014,asinh_abandon,hh_provyear,-.0594193998296565,.11411897,.60372972,2122,1061,102,.219929569092893,183,13,878,89
high_sat80_t,w12_14_c2016,never_only,drop_adminstart2014,asinh_abandon,hh_year,.0394529863173818,.099082075,.69133437,2122,1061,102,.219929569092893,183,13,878,89
high_sat80_t,w12_14_c2016,never_only,drop_adminstart2014,asinh_land_total,hh_provyear,.0159606749098991,.23973814,.94705129,2030,1015,102,1.966224211378784,177,13,838,89
high_sat80_t,w12_14_c2016,never_only,drop_adminstart2014,asinh_land_total,hh_year,.1972171218750056,.22978774,.3927823,2030,1015,102,1.966224211378784,177,13,838,89
high_sat80_t,w12_14_c2016,never_only,drop_adminstart2014,asinh_rentin,hh_provyear,.2209129477492199,.12926212,.090516381,2114,1057,102,.2709367881386218,182,13,875,89
high_sat80_t,w12_14_c2016,never_only,drop_adminstart2014,asinh_rentin,hh_year,.1639270906096803,.068681128,.01885795,2114,1057,102,.2709367881386218,182,13,875,89
high_sat80_t,w12_14_c2016,never_only,drop_official2014prov,any_abandon,hh_provyear,-.1062966961276356,.08256942,.20096985,2058,1029,100,.13022351797862,197,14,832,86
high_sat80_t,w12_14_c2016,never_only,drop_official2014prov,any_abandon,hh_year,.0089625634517769,.062656969,.88654792,2058,1029,100,.13022351797862,197,14,832,86
high_sat80_t,w12_14_c2016,never_only,drop_official2014prov,any_rentin,hh_provyear,.08985681329259,.07543084,.23640454,2048,1024,100,.138671875,195,14,829,86
high_sat80_t,w12_14_c2016,never_only,drop_official2014prov,any_rentin,hh_year,.0500695926510156,.033894144,.14278702,2048,1024,100,.138671875,195,14,829,86
high_sat80_t,w12_14_c2016,never_only,drop_official2014prov,asinh_abandon,hh_provyear,-.0878671819980368,.10532791,.40616262,2056,1028,100,.2160548397157991,196,14,832,86
high_sat80_t,w12_14_c2016,never_only,drop_official2014prov,asinh_abandon,hh_year,.0397694721373198,.094370589,.67436337,2056,1028,100,.2160548397157991,196,14,832,86
high_sat80_t,w12_14_c2016,never_only,drop_official2014prov,asinh_land_total,hh_provyear,-.0421095376436943,.21472651,.84492779,1964,982,100,1.991994970705581,188,14,794,86
high_sat80_t,w12_14_c2016,never_only,drop_official2014prov,asinh_land_total,hh_year,.1722590398366095,.2179334,.43117157,1964,982,100,1.991994970705581,188,14,794,86
high_sat80_t,w12_14_c2016,never_only,drop_official2014prov,asinh_rentin,hh_provyear,.2128243724066289,.11095671,.057981756,2048,1024,100,.2744996073125002,195,14,829,86
high_sat80_t,w12_14_c2016,never_only,drop_official2014prov,asinh_rentin,hh_year,.1607720846217551,.066694401,.017772537,2048,1024,100,.2744996073125002,195,14,829,86
high_sat80_t,w12_14_c2016,never_only,full,any_abandon,hh_provyear,-.0941290436162456,.062157918,.13250178,2486,1243,124,.1222847948511665,295,26,948,98
high_sat80_t,w12_14_c2016,never_only,full,any_abandon,hh_year,-.0197454051348067,.045256913,.66338688,2486,1243,124,.1222847948511665,295,26,948,98
high_sat80_t,w12_14_c2016,never_only,full,any_rentin,hh_provyear,.0572762076032184,.056105208,.30931902,2474,1237,124,.1337914308811641,292,26,945,98
high_sat80_t,w12_14_c2016,never_only,full,any_rentin,hh_year,.0293215916503579,.028982837,.3136732,2474,1237,124,.1337914308811641,292,26,945,98
high_sat80_t,w12_14_c2016,never_only,full,asinh_abandon,hh_provyear,-.0810687222560608,.08128415,.32055286,2484,1242,124,.1998749427896016,294,26,948,98
high_sat80_t,w12_14_c2016,never_only,full,asinh_abandon,hh_year,-.0153164183250178,.071404457,.83051062,2484,1242,124,.1998749427896016,294,26,948,98
high_sat80_t,w12_14_c2016,never_only,full,asinh_land_total,hh_provyear,-.1192524645608658,.16067554,.45938462,2390,1195,124,2.016977550209823,291,26,904,98
high_sat80_t,w12_14_c2016,never_only,full,asinh_land_total,hh_year,.0503334150293595,.14855091,.73531604,2390,1195,124,2.016977550209823,291,26,904,98
high_sat80_t,w12_14_c2016,never_only,full,asinh_rentin,hh_provyear,.1557959996166824,.08483766,.06871298,2474,1237,124,.26024054777793,292,26,945,98
high_sat80_t,w12_14_c2016,never_only,full,asinh_rentin,hh_year,.1126152218740042,.05460646,.041284192,2474,1237,124,.26024054777793,292,26,945,98
high_sat80_t,w12_14_c2016,never_plus_next,drop_adminstart2014,any_abandon,hh_provyear,-.1144233299275203,.09506236,.23106825,2520,1260,122,.1293650793650794,184,13,1076,109
high_sat80_t,w12_14_c2016,never_plus_next,drop_adminstart2014,any_abandon,hh_year,.0078794245999673,.065766238,.90483272,2520,1260,122,.1293650793650794,184,13,1076,109
high_sat80_t,w12_14_c2016,never_plus_next,drop_adminstart2014,any_rentin,hh_provyear,.0844101131675365,.087801002,.33827847,2512,1256,122,.1468949044585987,182,13,1074,109
high_sat80_t,w12_14_c2016,never_plus_next,drop_adminstart2014,any_rentin,hh_year,.044232304008842,.034696754,.20481361,2512,1256,122,.1468949044585987,182,13,1074,109
high_sat80_t,w12_14_c2016,never_plus_next,drop_adminstart2014,asinh_abandon,hh_provyear,-.0594193998296567,.11389172,.60282016,2518,1259,122,.2040172932758549,183,13,1076,109
high_sat80_t,w12_14_c2016,never_plus_next,drop_adminstart2014,asinh_abandon,hh_year,.0446086770516284,.096146576,.64350623,2518,1259,122,.2040172932758549,183,13,1076,109
high_sat80_t,w12_14_c2016,never_plus_next,drop_adminstart2014,asinh_land_total,hh_provyear,.0159606749098991,.23925397,.94692254,2402,1201,122,1.972693581542667,177,13,1024,109
high_sat80_t,w12_14_c2016,never_plus_next,drop_adminstart2014,asinh_land_total,hh_year,.2090791121588491,.22876294,.36255792,2402,1201,122,1.972693581542667,177,13,1024,109
high_sat80_t,w12_14_c2016,never_plus_next,drop_adminstart2014,asinh_rentin,hh_provyear,.220912947749221,.12900251,.089371584,2512,1256,122,.2818946842930974,182,13,1074,109
high_sat80_t,w12_14_c2016,never_plus_next,drop_adminstart2014,asinh_rentin,hh_year,.1428205683607371,.066448748,.033598952,2512,1256,122,.2818946842930974,182,13,1074,109
high_sat80_t,w12_14_c2016,never_plus_next,drop_official2014prov,any_abandon,hh_provyear,-.106296696127636,.082402833,.19960696,2450,1225,118,.1261224489795919,197,14,1028,104
high_sat80_t,w12_14_c2016,never_plus_next,drop_official2014prov,any_abandon,hh_year,.0052539058642282,.061789483,.93238354,2450,1225,118,.1261224489795919,197,14,1028,104
high_sat80_t,w12_14_c2016,never_plus_next,drop_official2014prov,any_rentin,hh_provyear,.0898568132925896,.075277075,.23501751,2442,1221,118,.147010647010647,195,14,1026,104
high_sat80_t,w12_14_c2016,never_plus_next,drop_official2014prov,any_rentin,hh_year,.0453891138101654,.033285536,.17530237,2442,1221,118,.147010647010647,195,14,1026,104
high_sat80_t,w12_14_c2016,never_plus_next,drop_official2014prov,asinh_abandon,hh_provyear,-.087867181998037,.10511513,.40490732,2448,1224,118,.2006673812537444,196,14,1028,104
high_sat80_t,w12_14_c2016,never_plus_next,drop_official2014prov,asinh_abandon,hh_year,.0449809533138167,.090973713,.62192327,2448,1224,118,.2006673812537444,196,14,1028,104
high_sat80_t,w12_14_c2016,never_plus_next,drop_official2014prov,asinh_land_total,hh_provyear,-.0421095376436945,.21428557,.84455091,2332,1166,118,1.995359632316418,188,14,978,104
high_sat80_t,w12_14_c2016,never_plus_next,drop_official2014prov,asinh_land_total,hh_year,.1856555033506088,.216722,.39338797,2332,1166,118,1.995359632316418,188,14,978,104
high_sat80_t,w12_14_c2016,never_plus_next,drop_official2014prov,asinh_rentin,hh_provyear,.2128243724066273,.11073054,.057037212,2442,1221,118,.2854435138288923,195,14,1026,104
high_sat80_t,w12_14_c2016,never_plus_next,drop_official2014prov,asinh_rentin,hh_year,.13917828702221,.063967273,.031582806,2442,1221,118,.2854435138288923,195,14,1026,104
high_sat80_t,w12_14_c2016,never_plus_next,full,any_abandon,hh_provyear,-.0941290436162459,.062060844,.13154443,2882,1441,144,.1197085357390701,295,26,1146,118
high_sat80_t,w12_14_c2016,never_plus_next,full,any_abandon,hh_year,-.0241636347502005,.044315141,.58641857,2882,1441,144,.1197085357390701,295,26,1146,118
high_sat80_t,w12_14_c2016,never_plus_next,full,any_rentin,hh_provyear,.0572762076032184,.056016628,.30827767,2872,1436,144,.1417130919220056,292,26,1144,118
high_sat80_t,w12_14_c2016,never_plus_next,full,any_rentin,hh_year,.0260082383370065,.028532414,.36354864,2872,1436,144,.1417130919220056,292,26,1144,118
high_sat80_t,w12_14_c2016,never_plus_next,full,asinh_abandon,hh_provyear,-.0810687222560608,.081157058,.31952485,2880,1440,144,.1887202627579353,294,26,1146,118
high_sat80_t,w12_14_c2016,never_plus_next,full,asinh_abandon,hh_year,-.0111510560482793,.06805902,.87008536,2880,1440,144,.1887202627579353,294,26,1146,118
high_sat80_t,w12_14_c2016,never_plus_next,full,asinh_land_total,hh_provyear,-.1192524645608663,.1604227,.45848086,2762,1381,144,2.015767986519925,291,26,1090,118
high_sat80_t,w12_14_c2016,never_plus_next,full,asinh_land_total,hh_year,.062173864877483,.14739051,.67378193,2762,1381,144,2.015767986519925,291,26,1090,118
high_sat80_t,w12_14_c2016,never_plus_next,full,asinh_rentin,hh_provyear,.155795999616683,.084703721,.067944266,2872,1436,144,.2713071699240296,292,26,1144,118
high_sat80_t,w12_14_c2016,never_plus_next,full,asinh_rentin,hh_year,.0935709039304542,.05231883,.075816698,2872,1436,144,.2713071699240296,292,26,1144,118
high_sat80_t,w12_14_c2016,next_only,drop_adminstart2014,any_abandon,hh_provyear,0,0,,762,381,32,.1246719160104987,184,13,197,19
high_sat80_t,w12_14_c2016,next_only,drop_adminstart2014,any_abandon,hh_year,-.011308739569609,.069955066,.87259221,764,382,33,.1243455497382199,184,13,198,20
high_sat80_t,w12_14_c2016,next_only,drop_adminstart2014,any_rentin,hh_provyear,0,0,,760,380,32,.1684210526315789,182,13,198,19
high_sat80_t,w12_14_c2016,next_only,drop_adminstart2014,any_rentin,hh_year,.0274725274725275,.049788568,.58492959,762,381,33,.1692913385826772,182,13,199,20
high_sat80_t,w12_14_c2016,next_only,drop_adminstart2014,asinh_abandon,hh_provyear,0,0,,760,380,32,.1512353603740487,183,13,197,19
high_sat80_t,w12_14_c2016,next_only,drop_adminstart2014,asinh_abandon,hh_year,.0674707804085363,.094056904,.47836834,762,381,33,.1508384171709672,183,13,198,20
high_sat80_t,w12_14_c2016,next_only,drop_adminstart2014,asinh_land_total,hh_provyear,0,0,,724,362,32,1.830568986232483,177,13,185,19
high_sat80_t,w12_14_c2016,next_only,drop_adminstart2014,asinh_land_total,hh_year,.2625218425774179,.24560013,.29311219,726,363,33,1.837145912026724,177,13,186,20
high_sat80_t,w12_14_c2016,next_only,drop_adminstart2014,asinh_rentin,hh_provyear,0,0,,760,380,32,.2939536563536488,182,13,198,19
high_sat80_t,w12_14_c2016,next_only,drop_adminstart2014,asinh_rentin,hh_year,.0500155082208761,.086780049,.56841207,762,381,33,.2980879460092318,182,13,199,20
high_sat80_t,w12_14_c2016,next_only,drop_official2014prov,any_abandon,hh_provyear,0,0,,784,392,31,.1224489795918367,197,14,195,17
high_sat80_t,w12_14_c2016,next_only,drop_official2014prov,any_abandon,hh_year,-.0104889671604683,.066258669,.87524456,786,393,32,.1221374045801527,197,14,196,18
high_sat80_t,w12_14_c2016,next_only,drop_official2014prov,any_rentin,hh_provyear,0,0,,782,391,31,.1636828644501279,195,14,196,17
high_sat80_t,w12_14_c2016,next_only,drop_official2014prov,any_rentin,hh_year,.0256930886372507,.048808265,.60235077,784,392,32,.1645408163265306,195,14,197,18
high_sat80_t,w12_14_c2016,next_only,drop_official2014prov,asinh_abandon,hh_provyear,0,0,,782,391,31,.1488267383113246,196,14,195,17
high_sat80_t,w12_14_c2016,next_only,drop_official2014prov,asinh_abandon,hh_year,.0671031591242653,.088357881,.4533217,784,392,32,.148447078264612,196,14,196,18
high_sat80_t,w12_14_c2016,next_only,drop_official2014prov,asinh_land_total,hh_provyear,0,0,,742,371,31,1.851443283165459,188,14,183,17
high_sat80_t,w12_14_c2016,next_only,drop_official2014prov,asinh_land_total,hh_year,.2434641556882081,.23414379,.30647236,744,372,32,1.857804976085827,188,14,184,18
high_sat80_t,w12_14_c2016,next_only,drop_official2014prov,asinh_rentin,hh_provyear,0,0,,782,391,31,.2869145811750541,195,14,196,17
high_sat80_t,w12_14_c2016,next_only,drop_official2014prov,asinh_rentin,hh_year,.0483089560068666,.084816165,.57307225,784,392,32,.2909508144249411,195,14,197,18
high_sat80_t,w12_14_c2016,next_only,full,any_abandon,hh_provyear,0,0,,984,492,45,.108739837398374,295,26,197,19
high_sat80_t,w12_14_c2016,next_only,full,any_abandon,hh_year,-.0453175826057185,.049751151,.36720958,986,493,46,.1085192697768763,295,26,198,20
high_sat80_t,w12_14_c2016,next_only,full,any_rentin,hh_provyear,0,0,,980,490,45,.1510204081632653,292,26,198,19
high_sat80_t,w12_14_c2016,next_only,full,any_rentin,hh_year,.0102739726027394,.045646783,.82293952,982,491,46,.1517311608961303,292,26,199,20
high_sat80_t,w12_14_c2016,next_only,full,asinh_abandon,hh_provyear,0,0,,982,491,45,.1368337117530731,294,26,197,19
high_sat80_t,w12_14_c2016,next_only,full,asinh_abandon,hh_year,.0087921936403457,.064863652,.89278251,984,492,46,.136555594452762,294,26,198,20
high_sat80_t,w12_14_c2016,next_only,full,asinh_land_total,hh_provyear,0,0,,952,476,45,1.950134484462908,291,26,185,19
high_sat80_t,w12_14_c2016,next_only,full,asinh_land_total,hh_year,.1197209974726587,.16980059,.48440146,954,477,46,1.954888904934772,291,26,186,20
high_sat80_t,w12_14_c2016,next_only,full,asinh_rentin,hh_provyear,0,0,,980,490,45,.2635892122682905,292,26,198,19
high_sat80_t,w12_14_c2016,next_only,full,asinh_rentin,hh_year,.0031343187210997,.076509625,.96750396,982,491,46,.2668591283637335,292,26,199,20
high_sat80_t,w12_14_c2018,never_only,drop_adminstart2014,any_abandon,hh_provyear,.0604278146938131,.029818574,.045176148,2152,1076,109,.1263940520446097,198,20,878,89
high_sat80_t,w12_14_c2018,never_only,drop_adminstart2014,any_abandon,hh_year,.0235153355882267,.032927297,.47666934,2152,1076,109,.1263940520446097,198,20,878,89
high_sat80_t,w12_14_c2018,never_only,drop_adminstart2014,any_rentin,hh_provyear,.0136208494872184,.04411089,.75807875,2148,1074,109,.1471135940409684,199,20,875,89
high_sat80_t,w12_14_c2018,never_only,drop_adminstart2014,any_rentin,hh_year,.0205714285714282,.040911581,.61611009,2148,1074,109,.1471135940409684,199,20,875,89
high_sat80_t,w12_14_c2018,never_only,drop_adminstart2014,asinh_abandon,hh_provyear,.0422817399336661,.035355438,.23435277,2152,1076,109,.2071569095900599,198,20,878,89
high_sat80_t,w12_14_c2018,never_only,drop_adminstart2014,asinh_abandon,hh_year,-.0280177940911537,.04809818,.5614357,2152,1076,109,.2071569095900599,198,20,878,89
high_sat80_t,w12_14_c2018,never_only,drop_adminstart2014,asinh_land_total,hh_provyear,-.0436614698948172,.092987448,.63962919,2048,1024,109,2.027156681885078,186,20,838,89
high_sat80_t,w12_14_c2018,never_only,drop_adminstart2014,asinh_land_total,hh_year,-.0653047207024044,.10090019,.51886225,2048,1024,109,2.027156681885078,186,20,838,89
high_sat80_t,w12_14_c2018,never_only,drop_adminstart2014,asinh_rentin,hh_provyear,.1122098543298158,.077892564,.15259841,2148,1074,109,.2869345944620299,199,20,875,89
high_sat80_t,w12_14_c2018,never_only,drop_adminstart2014,asinh_rentin,hh_year,.1139115823888045,.072634913,.11974213,2148,1074,109,.2869345944620299,199,20,875,89
high_sat80_t,w12_14_c2018,never_only,drop_official2014prov,any_abandon,hh_provyear,.0608374520552582,.030264381,.047024317,2056,1028,104,.1235408560311284,196,18,832,86
high_sat80_t,w12_14_c2018,never_only,drop_official2014prov,any_abandon,hh_year,.0194515306122457,.033225205,.55952901,2056,1028,104,.1235408560311284,196,18,832,86
high_sat80_t,w12_14_c2018,never_only,drop_official2014prov,any_rentin,hh_provyear,.0212794763789246,.044183046,.63109702,2052,1026,104,.148635477582846,197,18,829,86
high_sat80_t,w12_14_c2018,never_only,drop_official2014prov,any_rentin,hh_year,.0243765040137639,.041332603,.55664003,2052,1026,104,.148635477582846,197,18,829,86
high_sat80_t,w12_14_c2018,never_only,drop_official2014prov,asinh_abandon,hh_provyear,.0438387700146367,.035835389,.22399372,2056,1028,104,.2051927231533045,196,18,832,86
high_sat80_t,w12_14_c2018,never_only,drop_official2014prov,asinh_abandon,hh_year,-.0273336869869462,.049483109,.58188188,2056,1028,104,.2051927231533045,196,18,832,86
high_sat80_t,w12_14_c2018,never_only,drop_official2014prov,asinh_land_total,hh_provyear,-.0458953821136674,.093883529,.62598401,1956,978,104,2.051059458307852,184,18,794,86
high_sat80_t,w12_14_c2018,never_only,drop_official2014prov,asinh_land_total,hh_year,-.0712051158515957,.10261893,.4893201,1956,978,104,2.051059458307852,184,18,794,86
high_sat80_t,w12_14_c2018,never_only,drop_official2014prov,asinh_rentin,hh_provyear,.1168757102485537,.079096906,.14255901,2052,1026,104,.2942619333602123,197,18,829,86
high_sat80_t,w12_14_c2018,never_only,drop_official2014prov,asinh_rentin,hh_year,.1124631286148813,.074380942,.13359898,2052,1026,104,.2942619333602123,197,18,829,86
high_sat80_t,w12_14_c2018,never_only,full,any_abandon,hh_provyear,.0604278146938134,.0298289,.045058791,2292,1146,118,.1217277486910995,198,20,948,98
high_sat80_t,w12_14_c2018,never_only,full,any_abandon,hh_year,.0255721774709123,.032348678,.43082535,2292,1146,118,.1217277486910995,198,20,948,98
high_sat80_t,w12_14_c2018,never_only,full,any_rentin,hh_provyear,.0136208494872178,.044126168,.75811422,2288,1144,118,.145979020979021,199,20,945,98
high_sat80_t,w12_14_c2018,never_only,full,any_rentin,hh_year,.0190476190476201,.040520731,.63917935,2288,1144,118,.145979020979021,199,20,945,98
high_sat80_t,w12_14_c2018,never_only,full,asinh_abandon,hh_provyear,.0422817399336662,.035367683,.23431277,2292,1146,118,.1990264618912825,198,20,948,98
high_sat80_t,w12_14_c2018,never_only,full,asinh_abandon,hh_year,-.0241086119653626,.045824349,.59980816,2292,1146,118,.1990264618912825,198,20,948,98
high_sat80_t,w12_14_c2018,never_only,full,asinh_land_total,hh_provyear,-.0436614698948175,.09302365,.6396867,2180,1090,118,2.041083484966429,186,20,904,98
high_sat80_t,w12_14_c2018,never_only,full,asinh_land_total,hh_year,-.0693875824433006,.099966049,.48898822,2180,1090,118,2.041083484966429,186,20,904,98
high_sat80_t,w12_14_c2018,never_only,full,asinh_rentin,hh_provyear,.1122098543298141,.077919543,.15251713,2288,1144,118,.2851825195751054,199,20,945,98
high_sat80_t,w12_14_c2018,never_only,full,asinh_rentin,hh_year,.1094809031529088,.071610384,.12900294,2288,1144,118,.2851825195751054,199,20,945,98
high_sat80_t,w14_16_c2018,never_only,drop_adminstart2014,any_abandon,hh_provyear,-.0380143115258468,.041072678,.35708174,1490,745,94,.125503355704698,339,41,406,53
high_sat80_t,w14_16_c2018,never_only,drop_adminstart2014,any_abandon,hh_year,-.0009683480271716,.038706396,.98009324,1494,747,96,.1258366800535475,340,42,407,54
high_sat80_t,w14_16_c2018,never_only,drop_adminstart2014,any_rentin,hh_provyear,-.0327885700566622,.032107905,.30980918,1482,741,94,.1417004048582996,334,41,407,53
high_sat80_t,w14_16_c2018,never_only,drop_adminstart2014,any_rentin,hh_year,-.0261120866256957,.036990661,.48197147,1486,743,96,.1426648721399731,335,42,408,54
high_sat80_t,w14_16_c2018,never_only,drop_adminstart2014,asinh_abandon,hh_provyear,-.0418644357872646,.044756137,.35200998,1484,742,94,.1825314275817726,339,41,403,53
high_sat80_t,w14_16_c2018,never_only,drop_adminstart2014,asinh_abandon,hh_year,.033988609472733,.052573163,.51951373,1488,744,96,.1840556864796025,340,42,404,54
high_sat80_t,w14_16_c2018,never_only,drop_adminstart2014,asinh_land_total,hh_provyear,-.0782945717184708,.1561933,.61734271,1374,687,96,2.175953838188218,314,43,373,53
high_sat80_t,w14_16_c2018,never_only,drop_adminstart2014,asinh_land_total,hh_year,-.2463080285973151,.16455843,.13769697,1378,689,98,2.177951538181824,315,44,374,54
high_sat80_t,w14_16_c2018,never_only,drop_adminstart2014,asinh_rentin,hh_provyear,-.0135755690803769,.060610641,.82326418,1476,738,94,.2825252783942515,334,41,404,53
high_sat80_t,w14_16_c2018,never_only,drop_adminstart2014,asinh_rentin,hh_year,-.0044455686410776,.071998812,.95089561,1480,740,96,.2873926399284208,335,42,405,54
high_sat80_t,w14_16_c2018,never_only,drop_official2014prov,any_abandon,hh_provyear,-.026867719560372,.040393557,.50769496,1390,695,89,.118705035971223,319,37,376,52
high_sat80_t,w14_16_c2018,never_only,drop_official2014prov,any_abandon,hh_year,.0101375994694963,.039241578,.79673576,1394,697,91,.1190817790530846,320,38,377,53
high_sat80_t,w14_16_c2018,never_only,drop_official2014prov,any_rentin,hh_provyear,-.0354303425248297,.034592681,.308541,1384,692,89,.1408959537572254,315,37,377,52
high_sat80_t,w14_16_c2018,never_only,drop_official2014prov,any_rentin,hh_year,-.0264047953921371,.038387492,.49331692,1388,694,91,.1419308357348703,316,38,378,53
high_sat80_t,w14_16_c2018,never_only,drop_official2014prov,asinh_abandon,hh_provyear,-.0352839551246445,.049405914,.47701544,1384,692,89,.1831838397789029,319,37,373,52
high_sat80_t,w14_16_c2018,never_only,drop_official2014prov,asinh_abandon,hh_year,.0429344002150609,.056056555,.44573265,1388,694,91,.1848160354497835,320,38,374,53
high_sat80_t,w14_16_c2018,never_only,drop_official2014prov,asinh_land_total,hh_provyear,-.0779355519423724,.17315041,.65371835,1282,641,91,2.218069178629487,296,39,345,52
high_sat80_t,w14_16_c2018,never_only,drop_official2014prov,asinh_land_total,hh_year,-.2619723765620601,.17412408,.13587412,1286,643,93,2.220078797003845,297,40,346,53
high_sat80_t,w14_16_c2018,never_only,drop_official2014prov,asinh_rentin,hh_provyear,-.0179123467361277,.06666939,.78880924,1378,689,89,.2896269707941816,315,37,374,52
high_sat80_t,w14_16_c2018,never_only,drop_official2014prov,asinh_rentin,hh_year,-.0075441363101134,.076315731,.9214738,1382,691,91,.2948189304909767,316,38,375,53
high_sat80_t,w14_16_c2018,never_only,full,any_abandon,hh_provyear,-.0380143115258472,.041092314,.35726026,1500,750,96,.1246666666666667,339,41,411,55
high_sat80_t,w14_16_c2018,never_only,full,any_abandon,hh_year,-.0010279840091375,.03852243,.97876555,1504,752,98,.125,340,42,412,56
high_sat80_t,w14_16_c2018,never_only,full,any_rentin,hh_provyear,-.0327885700566622,.032123346,.30998486,1492,746,96,.1414209115281501,334,41,412,55
high_sat80_t,w14_16_c2018,never_only,full,any_rentin,hh_year,-.0283256839290232,.036902431,.44459936,1496,748,98,.142379679144385,335,42,413,56
high_sat80_t,w14_16_c2018,never_only,full,asinh_abandon,hh_provyear,-.0418644357872647,.044777628,.35218921,1494,747,96,.1813096643449468,339,41,408,55
high_sat80_t,w14_16_c2018,never_only,full,asinh_abandon,hh_year,.0333064711068421,.052181073,.52479136,1498,749,98,.1828270103348789,340,42,409,56
high_sat80_t,w14_16_c2018,never_only,full,asinh_land_total,hh_provyear,-.078294571718471,.1562679,.6174866,1388,694,98,2.179826350604018,314,43,380,55
high_sat80_t,w14_16_c2018,never_only,full,asinh_land_total,hh_year,-.2424780593839306,.16388434,.14216366,1392,696,100,2.181792830878102,315,44,381,56
high_sat80_t,w14_16_c2018,never_only,full,asinh_rentin,hh_provyear,-.013575569080377,.060639914,.82333779,1486,743,96,.2818477505848905,334,41,409,55
high_sat80_t,w14_16_c2018,never_only,full,asinh_rentin,hh_year,-.0086804756357962,.071809873,.90403503,1490,745,98,.2866842641297281,335,42,410,56
started_t,w12_14_c2016,never_only,drop_adminstart2014,any_abandon,hh_provyear,-.0138126046872206,.034225345,.68723518,2520,1260,122,.1293650793650794,783,77,477,45
started_t,w12_14_c2016,never_only,drop_adminstart2014,any_abandon,hh_year,-.0144581797151736,.036373653,.69170612,2520,1260,122,.1293650793650794,783,77,477,45
started_t,w12_14_c2016,never_only,drop_adminstart2014,any_rentin,hh_provyear,-.0013075615149025,.030660456,.96605361,2512,1256,122,.1468949044585987,781,77,475,45
started_t,w12_14_c2016,never_only,drop_adminstart2014,any_rentin,hh_year,.0070543837185795,.028480601,.80479348,2512,1256,122,.1468949044585987,781,77,475,45
started_t,w12_14_c2016,never_only,drop_adminstart2014,asinh_abandon,hh_provyear,-.037076127708492,.062623076,.55492032,2518,1259,122,.2040172932758549,782,77,477,45
started_t,w12_14_c2016,never_only,drop_adminstart2014,asinh_abandon,hh_year,-.0443655346619781,.073535509,.54742432,2518,1259,122,.2040172932758549,782,77,477,45
started_t,w12_14_c2016,never_only,drop_adminstart2014,asinh_land_total,hh_provyear,-.0217416808168277,.079264745,.78432798,2402,1201,122,1.972693581542667,741,77,460,45
started_t,w12_14_c2016,never_only,drop_adminstart2014,asinh_land_total,hh_year,-.0232035669808383,.092099279,.80151427,2402,1201,122,1.972693581542667,741,77,460,45
started_t,w12_14_c2016,never_only,drop_adminstart2014,asinh_rentin,hh_provyear,.058688095781906,.051364787,.25547108,2512,1256,122,.2818946842930974,781,77,475,45
started_t,w12_14_c2016,never_only,drop_adminstart2014,asinh_rentin,hh_year,.0709058399577059,.063400939,.26562351,2512,1256,122,.2818946842930974,781,77,475,45
started_t,w12_14_c2016,never_only,drop_official2014prov,any_abandon,hh_provyear,-.0275542719737204,.034128185,.42113137,2398,1199,115,.1284403669724771,741,72,458,43
started_t,w12_14_c2016,never_only,drop_official2014prov,any_abandon,hh_year,-.0258502318948194,.036170818,.47627333,2398,1199,115,.1284403669724771,741,72,458,43
started_t,w12_14_c2016,never_only,drop_official2014prov,any_rentin,hh_provyear,-.0028346676529816,.032000978,.92957062,2390,1195,115,.1493723849372385,739,72,456,43
started_t,w12_14_c2016,never_only,drop_official2014prov,any_rentin,hh_year,.00639199487216,.029544897,.82910275,2390,1195,115,.1493723849372385,739,72,456,43
started_t,w12_14_c2016,never_only,drop_official2014prov,asinh_abandon,hh_provyear,-.0564308829094885,.063888296,.37894702,2396,1198,115,.204419913954085,740,72,458,43
started_t,w12_14_c2016,never_only,drop_official2014prov,asinh_abandon,hh_year,-.0622199544213323,.075285539,.41027361,2396,1198,115,.204419913954085,740,72,458,43
started_t,w12_14_c2016,never_only,drop_official2014prov,asinh_land_total,hh_provyear,-.0228203432722792,.082820334,.78339994,2284,1142,115,1.987083894217722,700,72,442,43
started_t,w12_14_c2016,never_only,drop_official2014prov,asinh_land_total,hh_year,-.0220142071346229,.096401088,.81977504,2284,1142,115,1.987083894217722,700,72,442,43
started_t,w12_14_c2016,never_only,drop_official2014prov,asinh_rentin,hh_provyear,.0624049076565412,.053727884,.24786499,2390,1195,115,.2894300378822546,739,72,456,43
started_t,w12_14_c2016,never_only,drop_official2014prov,asinh_rentin,hh_year,.0753671259855698,.066088587,.25651178,2390,1195,115,.2894300378822546,739,72,456,43
started_t,w12_14_c2016,never_only,full,any_abandon,hh_provyear,-.0138126046872206,.034225345,.68723518,2520,1260,122,.1293650793650794,783,77,477,45
started_t,w12_14_c2016,never_only,full,any_abandon,hh_year,-.0144581797151736,.036373653,.69170612,2520,1260,122,.1293650793650794,783,77,477,45
started_t,w12_14_c2016,never_only,full,any_rentin,hh_provyear,-.0013075615149025,.030660456,.96605361,2512,1256,122,.1468949044585987,781,77,475,45
started_t,w12_14_c2016,never_only,full,any_rentin,hh_year,.0070543837185795,.028480601,.80479348,2512,1256,122,.1468949044585987,781,77,475,45
started_t,w12_14_c2016,never_only,full,asinh_abandon,hh_provyear,-.037076127708492,.062623076,.55492032,2518,1259,122,.2040172932758549,782,77,477,45
started_t,w12_14_c2016,never_only,full,asinh_abandon,hh_year,-.0443655346619781,.073535509,.54742432,2518,1259,122,.2040172932758549,782,77,477,45
started_t,w12_14_c2016,never_only,full,asinh_land_total,hh_provyear,-.0217416808168277,.079264745,.78432798,2402,1201,122,1.972693581542667,741,77,460,45
started_t,w12_14_c2016,never_only,full,asinh_land_total,hh_year,-.0232035669808383,.092099279,.80151427,2402,1201,122,1.972693581542667,741,77,460,45
started_t,w12_14_c2016,never_only,full,asinh_rentin,hh_provyear,.058688095781906,.051364787,.25547108,2512,1256,122,.2818946842930974,781,77,475,45
started_t,w12_14_c2016,never_only,full,asinh_rentin,hh_year,.0709058399577059,.063400939,.26562351,2512,1256,122,.2818946842930974,781,77,475,45
started_t,w12_14_c2016,never_plus_next,drop_adminstart2014,any_abandon,hh_provyear,-.0138126046872206,.034225345,.68723518,2520,1260,122,.1293650793650794,783,77,477,45
started_t,w12_14_c2016,never_plus_next,drop_adminstart2014,any_abandon,hh_year,-.0144581797151736,.036373653,.69170612,2520,1260,122,.1293650793650794,783,77,477,45
started_t,w12_14_c2016,never_plus_next,drop_adminstart2014,any_rentin,hh_provyear,-.0013075615149025,.030660456,.96605361,2512,1256,122,.1468949044585987,781,77,475,45
started_t,w12_14_c2016,never_plus_next,drop_adminstart2014,any_rentin,hh_year,.0070543837185795,.028480601,.80479348,2512,1256,122,.1468949044585987,781,77,475,45
started_t,w12_14_c2016,never_plus_next,drop_adminstart2014,asinh_abandon,hh_provyear,-.037076127708492,.062623076,.55492032,2518,1259,122,.2040172932758549,782,77,477,45
started_t,w12_14_c2016,never_plus_next,drop_adminstart2014,asinh_abandon,hh_year,-.0443655346619781,.073535509,.54742432,2518,1259,122,.2040172932758549,782,77,477,45
started_t,w12_14_c2016,never_plus_next,drop_adminstart2014,asinh_land_total,hh_provyear,-.0217416808168277,.079264745,.78432798,2402,1201,122,1.972693581542667,741,77,460,45
started_t,w12_14_c2016,never_plus_next,drop_adminstart2014,asinh_land_total,hh_year,-.0232035669808383,.092099279,.80151427,2402,1201,122,1.972693581542667,741,77,460,45
started_t,w12_14_c2016,never_plus_next,drop_adminstart2014,asinh_rentin,hh_provyear,.058688095781906,.051364787,.25547108,2512,1256,122,.2818946842930974,781,77,475,45
started_t,w12_14_c2016,never_plus_next,drop_adminstart2014,asinh_rentin,hh_year,.0709058399577059,.063400939,.26562351,2512,1256,122,.2818946842930974,781,77,475,45
started_t,w12_14_c2016,never_plus_next,drop_official2014prov,any_abandon,hh_provyear,-.0275542719737204,.034128185,.42113137,2398,1199,115,.1284403669724771,741,72,458,43
started_t,w12_14_c2016,never_plus_next,drop_official2014prov,any_abandon,hh_year,-.0258502318948194,.036170818,.47627333,2398,1199,115,.1284403669724771,741,72,458,43
started_t,w12_14_c2016,never_plus_next,drop_official2014prov,any_rentin,hh_provyear,-.0028346676529816,.032000978,.92957062,2390,1195,115,.1493723849372385,739,72,456,43
started_t,w12_14_c2016,never_plus_next,drop_official2014prov,any_rentin,hh_year,.00639199487216,.029544897,.82910275,2390,1195,115,.1493723849372385,739,72,456,43
started_t,w12_14_c2016,never_plus_next,drop_official2014prov,asinh_abandon,hh_provyear,-.0564308829094885,.063888296,.37894702,2396,1198,115,.204419913954085,740,72,458,43
started_t,w12_14_c2016,never_plus_next,drop_official2014prov,asinh_abandon,hh_year,-.0622199544213323,.075285539,.41027361,2396,1198,115,.204419913954085,740,72,458,43
started_t,w12_14_c2016,never_plus_next,drop_official2014prov,asinh_land_total,hh_provyear,-.0228203432722792,.082820334,.78339994,2284,1142,115,1.987083894217722,700,72,442,43
started_t,w12_14_c2016,never_plus_next,drop_official2014prov,asinh_land_total,hh_year,-.0220142071346229,.096401088,.81977504,2284,1142,115,1.987083894217722,700,72,442,43
started_t,w12_14_c2016,never_plus_next,drop_official2014prov,asinh_rentin,hh_provyear,.0624049076565412,.053727884,.24786499,2390,1195,115,.2894300378822546,739,72,456,43
started_t,w12_14_c2016,never_plus_next,drop_official2014prov,asinh_rentin,hh_year,.0753671259855698,.066088587,.25651178,2390,1195,115,.2894300378822546,739,72,456,43
started_t,w12_14_c2016,never_plus_next,full,any_abandon,hh_provyear,-.0138126046872206,.034225345,.68723518,2520,1260,122,.1293650793650794,783,77,477,45
started_t,w12_14_c2016,never_plus_next,full,any_abandon,hh_year,-.0144581797151736,.036373653,.69170612,2520,1260,122,.1293650793650794,783,77,477,45
started_t,w12_14_c2016,never_plus_next,full,any_rentin,hh_provyear,-.0013075615149025,.030660456,.96605361,2512,1256,122,.1468949044585987,781,77,475,45
started_t,w12_14_c2016,never_plus_next,full,any_rentin,hh_year,.0070543837185795,.028480601,.80479348,2512,1256,122,.1468949044585987,781,77,475,45
started_t,w12_14_c2016,never_plus_next,full,asinh_abandon,hh_provyear,-.037076127708492,.062623076,.55492032,2518,1259,122,.2040172932758549,782,77,477,45
started_t,w12_14_c2016,never_plus_next,full,asinh_abandon,hh_year,-.0443655346619781,.073535509,.54742432,2518,1259,122,.2040172932758549,782,77,477,45
started_t,w12_14_c2016,never_plus_next,full,asinh_land_total,hh_provyear,-.0217416808168277,.079264745,.78432798,2402,1201,122,1.972693581542667,741,77,460,45
started_t,w12_14_c2016,never_plus_next,full,asinh_land_total,hh_year,-.0232035669808383,.092099279,.80151427,2402,1201,122,1.972693581542667,741,77,460,45
started_t,w12_14_c2016,never_plus_next,full,asinh_rentin,hh_provyear,.058688095781906,.051364787,.25547108,2512,1256,122,.2818946842930974,781,77,475,45
started_t,w12_14_c2016,never_plus_next,full,asinh_rentin,hh_year,.0709058399577059,.063400939,.26562351,2512,1256,122,.2818946842930974,781,77,475,45
started_t,w12_14_c2016,next_only,drop_adminstart2014,any_abandon,hh_provyear,0,0,,1564,782,76,.1336317135549872,782,76,0,0
started_t,w12_14_c2016,next_only,drop_adminstart2014,any_abandon,hh_year,0,0,,1566,783,77,.1334610472541507,783,77,0,0
started_t,w12_14_c2016,next_only,drop_adminstart2014,any_rentin,hh_provyear,0,0,,1560,780,76,.1519230769230769,780,76,0,0
started_t,w12_14_c2016,next_only,drop_adminstart2014,any_rentin,hh_year,0,0,,1562,781,77,.1523687580025608,781,77,0,0
started_t,w12_14_c2016,next_only,drop_adminstart2014,asinh_abandon,hh_provyear,0,0,,1562,781,76,.2057259536880119,781,76,0,0
started_t,w12_14_c2016,next_only,drop_adminstart2014,asinh_abandon,hh_year,0,0,,1564,782,77,.2054628770208917,782,77,0,0
started_t,w12_14_c2016,next_only,drop_adminstart2014,asinh_land_total,hh_provyear,0,0,,1480,740,76,1.934705343409461,740,76,0,0
started_t,w12_14_c2016,next_only,drop_adminstart2014,asinh_land_total,hh_year,0,0,,1482,741,77,1.937786703336766,741,77,0,0
started_t,w12_14_c2016,next_only,drop_adminstart2014,asinh_rentin,hh_provyear,0,0,,1560,780,76,.2778827961775217,780,76,0,0
started_t,w12_14_c2016,next_only,drop_adminstart2014,asinh_rentin,hh_year,0,0,,1562,781,77,.2799202292363607,781,77,0,0
started_t,w12_14_c2016,next_only,drop_official2014prov,any_abandon,hh_provyear,0,0,,1480,740,71,.1317567567567567,740,71,0,0
started_t,w12_14_c2016,next_only,drop_official2014prov,any_abandon,hh_year,0,0,,1482,741,72,.131578947368421,741,72,0,0
started_t,w12_14_c2016,next_only,drop_official2014prov,any_rentin,hh_provyear,0,0,,1476,738,71,.1531165311653117,738,71,0,0
started_t,w12_14_c2016,next_only,drop_official2014prov,any_rentin,hh_year,0,0,,1478,739,72,.1535859269282815,739,72,0,0
started_t,w12_14_c2016,next_only,drop_official2014prov,asinh_abandon,hh_provyear,0,0,,1478,739,71,.2035630728444345,739,71,0,0
started_t,w12_14_c2016,next_only,drop_official2014prov,asinh_abandon,hh_year,0,0,,1480,740,72,.203287987610861,740,72,0,0
started_t,w12_14_c2016,next_only,drop_official2014prov,asinh_land_total,hh_provyear,0,0,,1398,699,71,1.944209831629923,699,71,0,0
started_t,w12_14_c2016,next_only,drop_official2014prov,asinh_land_total,hh_year,0,0,,1400,700,72,1.947458093369798,700,72,0,0
started_t,w12_14_c2016,next_only,drop_official2014prov,asinh_rentin,hh_provyear,0,0,,1476,738,71,.2831957176275618,738,71,0,0
started_t,w12_14_c2016,next_only,drop_official2014prov,asinh_rentin,hh_year,0,0,,1478,739,72,.2853417559191764,739,72,0,0
started_t,w12_14_c2016,next_only,full,any_abandon,hh_provyear,0,0,,1564,782,76,.1336317135549872,782,76,0,0
started_t,w12_14_c2016,next_only,full,any_abandon,hh_year,0,0,,1566,783,77,.1334610472541507,783,77,0,0
started_t,w12_14_c2016,next_only,full,any_rentin,hh_provyear,0,0,,1560,780,76,.1519230769230769,780,76,0,0
started_t,w12_14_c2016,next_only,full,any_rentin,hh_year,0,0,,1562,781,77,.1523687580025608,781,77,0,0
started_t,w12_14_c2016,next_only,full,asinh_abandon,hh_provyear,0,0,,1562,781,76,.2057259536880119,781,76,0,0
started_t,w12_14_c2016,next_only,full,asinh_abandon,hh_year,0,0,,1564,782,77,.2054628770208917,782,77,0,0
started_t,w12_14_c2016,next_only,full,asinh_land_total,hh_provyear,0,0,,1480,740,76,1.934705343409461,740,76,0,0
started_t,w12_14_c2016,next_only,full,asinh_land_total,hh_year,0,0,,1482,741,77,1.937786703336766,741,77,0,0
started_t,w12_14_c2016,next_only,full,asinh_rentin,hh_provyear,0,0,,1560,780,76,.2778827961775217,780,76,0,0
started_t,w12_14_c2016,next_only,full,asinh_rentin,hh_year,0,0,,1562,781,77,.2799202292363607,781,77,0,0
started_t,w12_14_c2018,never_only,drop_adminstart2014,any_abandon,hh_provyear,,,,954,477,45,.1226415094339623,0,0,477,45
started_t,w12_14_c2018,never_only,drop_adminstart2014,any_abandon,hh_year,,,,954,477,45,.1226415094339623,0,0,477,45
started_t,w12_14_c2018,never_only,drop_adminstart2014,any_rentin,hh_provyear,,,,950,475,45,.1378947368421053,0,0,475,45
started_t,w12_14_c2018,never_only,drop_adminstart2014,any_rentin,hh_year,,,,950,475,45,.1378947368421053,0,0,475,45
started_t,w12_14_c2018,never_only,drop_adminstart2014,asinh_abandon,hh_provyear,,,,954,477,45,.2016473844946833,0,0,477,45
started_t,w12_14_c2018,never_only,drop_adminstart2014,asinh_abandon,hh_year,,,,954,477,45,.2016473844946833,0,0,477,45
started_t,w12_14_c2018,never_only,drop_adminstart2014,asinh_land_total,hh_provyear,,,,920,460,45,2.028924009261305,0,0,460,45
started_t,w12_14_c2018,never_only,drop_adminstart2014,asinh_land_total,hh_year,,,,920,460,45,2.028924009261305,0,0,460,45
started_t,w12_14_c2018,never_only,drop_adminstart2014,asinh_rentin,hh_provyear,,,,950,475,45,.2851411040811212,0,0,475,45
started_t,w12_14_c2018,never_only,drop_adminstart2014,asinh_rentin,hh_year,,,,950,475,45,.2851411040811212,0,0,475,45
started_t,w12_14_c2018,never_only,drop_official2014prov,any_abandon,hh_provyear,,,,916,458,43,.1233624454148472,0,0,458,43
started_t,w12_14_c2018,never_only,drop_official2014prov,any_abandon,hh_year,,,,916,458,43,.1233624454148472,0,0,458,43
started_t,w12_14_c2018,never_only,drop_official2014prov,any_rentin,hh_provyear,,,,912,456,43,.1425438596491228,0,0,456,43
started_t,w12_14_c2018,never_only,drop_official2014prov,any_rentin,hh_year,,,,912,456,43,.1425438596491228,0,0,456,43
started_t,w12_14_c2018,never_only,drop_official2014prov,asinh_abandon,hh_provyear,,,,916,458,43,.206248790578508,0,0,458,43
started_t,w12_14_c2018,never_only,drop_official2014prov,asinh_abandon,hh_year,,,,916,458,43,.206248790578508,0,0,458,43
started_t,w12_14_c2018,never_only,drop_official2014prov,asinh_land_total,hh_provyear,,,,884,442,43,2.049839687415792,0,0,442,43
started_t,w12_14_c2018,never_only,drop_official2014prov,asinh_land_total,hh_year,,,,884,442,43,2.049839687415792,0,0,442,43
started_t,w12_14_c2018,never_only,drop_official2014prov,asinh_rentin,hh_provyear,,,,912,456,43,.2960555650110149,0,0,456,43
started_t,w12_14_c2018,never_only,drop_official2014prov,asinh_rentin,hh_year,,,,912,456,43,.2960555650110149,0,0,456,43
started_t,w12_14_c2018,never_only,full,any_abandon,hh_provyear,,,,954,477,45,.1226415094339623,0,0,477,45
started_t,w12_14_c2018,never_only,full,any_abandon,hh_year,,,,954,477,45,.1226415094339623,0,0,477,45
started_t,w12_14_c2018,never_only,full,any_rentin,hh_provyear,,,,950,475,45,.1378947368421053,0,0,475,45
started_t,w12_14_c2018,never_only,full,any_rentin,hh_year,,,,950,475,45,.1378947368421053,0,0,475,45
started_t,w12_14_c2018,never_only,full,asinh_abandon,hh_provyear,,,,954,477,45,.2016473844946833,0,0,477,45
started_t,w12_14_c2018,never_only,full,asinh_abandon,hh_year,,,,954,477,45,.2016473844946833,0,0,477,45
started_t,w12_14_c2018,never_only,full,asinh_land_total,hh_provyear,,,,920,460,45,2.028924009261305,0,0,460,45
started_t,w12_14_c2018,never_only,full,asinh_land_total,hh_year,,,,920,460,45,2.028924009261305,0,0,460,45
started_t,w12_14_c2018,never_only,full,asinh_rentin,hh_provyear,,,,950,475,45,.2851411040811212,0,0,475,45
started_t,w12_14_c2018,never_only,full,asinh_rentin,hh_year,,,,950,475,45,.2851411040811212,0,0,475,45
started_t,w14_16_c2018,never_only,drop_adminstart2014,any_abandon,hh_provyear,,,,6,3,1,.1666666666666667,0,0,3,1
started_t,w14_16_c2018,never_only,drop_adminstart2014,any_abandon,hh_year,,,,6,3,1,.1666666666666667,0,0,3,1
started_t,w14_16_c2018,never_only,drop_adminstart2014,any_rentin,hh_provyear,,,,6,3,1,.1666666666666667,0,0,3,1
started_t,w14_16_c2018,never_only,drop_adminstart2014,any_rentin,hh_year,,,,6,3,1,.1666666666666667,0,0,3,1
started_t,w14_16_c2018,never_only,drop_adminstart2014,asinh_abandon,hh_provyear,,,,6,3,1,.0802019708432672,0,0,3,1
started_t,w14_16_c2018,never_only,drop_adminstart2014,asinh_abandon,hh_year,,,,6,3,1,.0802019708432672,0,0,3,1
started_t,w14_16_c2018,never_only,drop_adminstart2014,asinh_land_total,hh_provyear,,,,6,3,1,2.185462265736275,0,0,3,1
started_t,w14_16_c2018,never_only,drop_adminstart2014,asinh_land_total,hh_year,,,,6,3,1,2.185462265736275,0,0,3,1
started_t,w14_16_c2018,never_only,drop_adminstart2014,asinh_rentin,hh_provyear,,,,6,3,1,.3491187578768502,0,0,3,1
started_t,w14_16_c2018,never_only,drop_adminstart2014,asinh_rentin,hh_year,,,,6,3,1,.3491187578768502,0,0,3,1
started_t,w14_16_c2018,never_only,drop_official2014prov,any_abandon,hh_provyear,,,,6,3,1,.1666666666666667,0,0,3,1
started_t,w14_16_c2018,never_only,drop_official2014prov,any_abandon,hh_year,,,,6,3,1,.1666666666666667,0,0,3,1
started_t,w14_16_c2018,never_only,drop_official2014prov,any_rentin,hh_provyear,,,,6,3,1,.1666666666666667,0,0,3,1
started_t,w14_16_c2018,never_only,drop_official2014prov,any_rentin,hh_year,,,,6,3,1,.1666666666666667,0,0,3,1
started_t,w14_16_c2018,never_only,drop_official2014prov,asinh_abandon,hh_provyear,,,,6,3,1,.0802019708432672,0,0,3,1
started_t,w14_16_c2018,never_only,drop_official2014prov,asinh_abandon,hh_year,,,,6,3,1,.0802019708432672,0,0,3,1
started_t,w14_16_c2018,never_only,drop_official2014prov,asinh_land_total,hh_provyear,,,,6,3,1,2.185462265736275,0,0,3,1
started_t,w14_16_c2018,never_only,drop_official2014prov,asinh_land_total,hh_year,,,,6,3,1,2.185462265736275,0,0,3,1
started_t,w14_16_c2018,never_only,drop_official2014prov,asinh_rentin,hh_provyear,,,,6,3,1,.3491187578768502,0,0,3,1
started_t,w14_16_c2018,never_only,drop_official2014prov,asinh_rentin,hh_year,,,,6,3,1,.3491187578768502,0,0,3,1
started_t,w14_16_c2018,never_only,full,any_abandon,hh_provyear,,,,6,3,1,.1666666666666667,0,0,3,1
started_t,w14_16_c2018,never_only,full,any_abandon,hh_year,,,,6,3,1,.1666666666666667,0,0,3,1
started_t,w14_16_c2018,never_only,full,any_rentin,hh_provyear,,,,6,3,1,.1666666666666667,0,0,3,1
started_t,w14_16_c2018,never_only,full,any_rentin,hh_year,,,,6,3,1,.1666666666666667,0,0,3,1
started_t,w14_16_c2018,never_only,full,asinh_abandon,hh_provyear,,,,6,3,1,.0802019708432672,0,0,3,1
started_t,w14_16_c2018,never_only,full,asinh_abandon,hh_year,,,,6,3,1,.0802019708432672,0,0,3,1
started_t,w14_16_c2018,never_only,full,asinh_land_total,hh_provyear,,,,6,3,1,2.185462265736275,0,0,3,1
started_t,w14_16_c2018,never_only,full,asinh_land_total,hh_year,,,,6,3,1,2.185462265736275,0,0,3,1
started_t,w14_16_c2018,never_only,full,asinh_rentin,hh_provyear,,,,6,3,1,.3491187578768502,0,0,3,1
started_t,w14_16_c2018,never_only,full,asinh_rentin,hh_year,,,,6,3,1,.3491187578768502,0,0,3,1
