threshold,window,ctrlset,restriction,outcome,fespec,b,se,p_cluster,p_wild,N,households,clusters,treated_hh,treated_counties,control_hh,control_counties
completed_t,w12_14_c2016,never_only,drop_adminstart2014,any_rentin,hh_provyear,.0913397244823975,0,,.46146145,3310,2133,163,60,4,2073,159
completed_t,w12_14_c2016,never_only,drop_adminstart2014,any_rentin,hh_year,.0898960838199931,.12828791,.48447239,.35335335,3310,2133,163,60,4,2073,159
completed_t,w12_14_c2016,never_only,drop_adminstart2014,asinh_rentin,hh_provyear,.1783353339877,0,,.43143144,3310,2133,163,60,4,2073,159
completed_t,w12_14_c2016,never_only,drop_adminstart2014,asinh_rentin,hh_year,.1944116001267241,.16001478,.22614907,.34934935,3310,2133,163,60,4,2073,159
completed_t,w12_14_c2016,never_only,drop_official2014prov,any_rentin,hh_provyear,.0989283802482602,0,,.31531531,3212,2070,157,74,5,1996,152
completed_t,w12_14_c2016,never_only,drop_official2014prov,any_rentin,hh_year,.0887799564270153,.098391198,.36828008,.3103103,3212,2070,157,74,5,1996,152
completed_t,w12_14_c2016,never_only,drop_official2014prov,asinh_rentin,hh_provyear,.1750654295761254,0,,.23823825,3212,2070,157,74,5,1996,152
completed_t,w12_14_c2016,never_only,drop_official2014prov,asinh_rentin,hh_year,.1809777427509306,.13039349,.16713582,.17817818,3212,2070,157,74,5,1996,152
completed_t,w12_14_c2016,never_only,full,any_rentin,hh_provyear,.0596121558853051,0,,.42242241,3813,2456,194,229,18,2227,176
completed_t,w12_14_c2016,never_only,full,any_rentin,hh_year,.0313774632660082,.077102356,.68448937,.53453451,3813,2456,194,229,18,2227,176
completed_t,w12_14_c2016,never_only,full,asinh_rentin,hh_provyear,.1206494832401438,0,,.27827829,3813,2456,194,229,18,2227,176
completed_t,w12_14_c2016,never_only,full,asinh_rentin,hh_year,.0759683557867942,.1182207,.5212478,.34534535,3813,2456,194,229,18,2227,176
completed_t,w12_14_c2016,never_plus_next,drop_adminstart2014,any_rentin,hh_provyear,.0913397244823975,0,,.47947949,3630,2374,183,60,4,2314,179
completed_t,w12_14_c2016,never_plus_next,drop_adminstart2014,any_rentin,hh_year,.0863394559871525,.13008228,.5077033,.36536536,3630,2374,183,60,4,2314,179
completed_t,w12_14_c2016,never_plus_next,drop_adminstart2014,asinh_rentin,hh_provyear,.1783353339877,0,,.42342341,3630,2374,183,60,4,2314,179
completed_t,w12_14_c2016,never_plus_next,drop_adminstart2014,asinh_rentin,hh_year,.1821851576989267,.16189325,.26192626,.34134135,3630,2374,183,60,4,2314,179
completed_t,w12_14_c2016,never_plus_next,drop_official2014prov,any_rentin,hh_provyear,.0989283802482603,.10460496,.34558126,.31331331,3532,2311,177,74,5,2237,172
completed_t,w12_14_c2016,never_plus_next,drop_official2014prov,any_rentin,hh_year,.085213748452823,.099850476,.39458999,.3003003,3532,2311,177,74,5,2237,172
completed_t,w12_14_c2016,never_plus_next,drop_official2014prov,asinh_rentin,hh_provyear,.1750654295761255,0,,.21921922,3532,2311,177,74,5,2237,172
completed_t,w12_14_c2016,never_plus_next,drop_official2014prov,asinh_rentin,hh_year,.1685635689880671,.131772,.20250835,.16716717,3532,2311,177,74,5,2237,172
completed_t,w12_14_c2016,never_plus_next,full,any_rentin,hh_provyear,.059612155885305,.089802444,.50752699,.4044044,4133,2697,214,229,18,2468,196
completed_t,w12_14_c2016,never_plus_next,full,any_rentin,hh_year,.0280844090271727,.078144558,.71965903,.55855858,4133,2697,214,229,18,2468,196
completed_t,w12_14_c2016,never_plus_next,full,asinh_rentin,hh_provyear,.1206494832401432,.13654023,.3778984,.27827829,4133,2697,214,229,18,2468,196
completed_t,w12_14_c2016,never_plus_next,full,asinh_rentin,hh_year,.0646634202269343,.11935947,.5885545,.41941941,4133,2697,214,229,18,2468,196
completed_t,w12_14_c2016,next_only,drop_adminstart2014,any_rentin,hh_provyear,0,0,,,421,301,24,60,4,241,20
completed_t,w12_14_c2016,next_only,drop_adminstart2014,any_rentin,hh_year,.0351960481630133,.21545887,.87166667,.76776779,421,301,24,60,4,241,20
completed_t,w12_14_c2016,next_only,drop_adminstart2014,asinh_rentin,hh_provyear,0,0,,,421,301,24,60,4,241,20
completed_t,w12_14_c2016,next_only,drop_adminstart2014,asinh_rentin,hh_year,.0063720108890797,.32208917,.9843868,.97597599,421,301,24,60,4,241,20
completed_t,w12_14_c2016,next_only,drop_official2014prov,any_rentin,hh_provyear,0,0,,,448,315,25,74,5,241,20
completed_t,w12_14_c2016,next_only,drop_official2014prov,any_rentin,hh_year,.0360993905297703,.18943606,.8504712,.74074072,448,315,25,74,5,241,20
completed_t,w12_14_c2016,next_only,drop_official2014prov,asinh_rentin,hh_provyear,0,0,,,448,315,25,74,5,241,20
completed_t,w12_14_c2016,next_only,drop_official2014prov,asinh_rentin,hh_year,-.0024063177713697,.29695114,.99360144,.992993,448,315,25,74,5,241,20
completed_t,w12_14_c2016,next_only,full,any_rentin,hh_provyear,0,0,,,682,470,38,229,18,241,20
completed_t,w12_14_c2016,next_only,full,any_rentin,hh_year,-.0229370895593414,.17132637,.89422345,.83683681,682,470,38,229,18,241,20
completed_t,w12_14_c2016,next_only,full,asinh_rentin,hh_provyear,0,0,,,682,470,38,229,18,241,20
completed_t,w12_14_c2016,next_only,full,asinh_rentin,hh_year,-.1104915307258322,.28233877,.69778782,.5095095,682,470,38,229,18,241,20
completed_t,w14_16_c2018,never_only,drop_adminstart2014,any_rentin,hh_provyear,-.0585126751933828,0,,.35835835,4608,3702,232,406,27,3296,205
completed_t,w14_16_c2018,never_only,drop_adminstart2014,any_rentin,hh_year,-.0597562072688017,.097737581,.54153973,.17117117,4608,3702,232,406,27,3296,205
completed_t,w14_16_c2018,never_only,drop_adminstart2014,asinh_rentin,hh_provyear,-.0694279915698285,.22241415,.75520331,.51951951,4602,3699,232,406,27,3293,205
completed_t,w14_16_c2018,never_only,drop_adminstart2014,asinh_rentin,hh_year,-.1052857039285238,.18502674,.56988883,.1991992,4602,3699,232,406,27,3293,205
completed_t,w14_16_c2018,never_only,drop_official2014prov,any_rentin,hh_provyear,-.058512675193383,.13311024,.66067046,.35835835,4443,3586,222,406,27,3180,195
completed_t,w14_16_c2018,never_only,drop_official2014prov,any_rentin,hh_year,-.0540388302972196,.099188447,.58643371,.22722723,4443,3586,222,406,27,3180,195
completed_t,w14_16_c2018,never_only,drop_official2014prov,asinh_rentin,hh_provyear,-.0694279915698279,.22476558,.75769567,.51951951,4437,3583,222,406,27,3177,195
completed_t,w14_16_c2018,never_only,drop_official2014prov,asinh_rentin,hh_year,-.1000840283069991,.18857133,.59612572,.23123123,4437,3583,222,406,27,3177,195
completed_t,w14_16_c2018,never_only,full,any_rentin,hh_provyear,-.058512675193383,.13404176,.66283208,.36136135,4854,3931,251,406,27,3525,224
completed_t,w14_16_c2018,never_only,full,any_rentin,hh_year,-.0631385414831777,.099222817,.52514291,.16216215,4854,3931,251,406,27,3525,224
completed_t,w14_16_c2018,never_only,full,asinh_rentin,hh_provyear,-.0694279915698292,0,,.4954955,4848,3928,251,406,27,3522,224
completed_t,w14_16_c2018,never_only,full,asinh_rentin,hh_year,-.1119049081190109,.18779881,.55179679,.17317317,4848,3928,251,406,27,3522,224
high_sat80_t,w12_14_c2016,never_only,drop_adminstart2014,any_rentin,hh_provyear,.0844101131675361,0,,.43043044,2797,1740,131,351,21,1389,110
high_sat80_t,w12_14_c2016,never_only,drop_adminstart2014,any_rentin,hh_year,.048043956043956,.057223085,.40267941,.2092092,2797,1740,131,351,21,1389,110
high_sat80_t,w12_14_c2016,never_only,drop_adminstart2014,asinh_rentin,hh_provyear,.2209129477492197,0,,.1051051,2797,1740,131,351,21,1389,110
high_sat80_t,w12_14_c2016,never_only,drop_adminstart2014,asinh_rentin,hh_year,.1639270906096872,.11163457,.14440413,.045045044,2797,1740,131,351,21,1389,110
high_sat80_t,w12_14_c2016,never_only,drop_official2014prov,any_rentin,hh_provyear,.0898568132925905,0,,.3043043,2748,1724,130,365,22,1359,108
high_sat80_t,w12_14_c2016,never_only,drop_official2014prov,any_rentin,hh_year,.050069592651016,.055476714,.36845568,.16916917,2748,1724,130,365,22,1359,108
high_sat80_t,w12_14_c2016,never_only,drop_official2014prov,asinh_rentin,hh_provyear,.212824372406629,0,,.055055056,2748,1724,130,365,22,1359,108
high_sat80_t,w12_14_c2016,never_only,drop_official2014prov,asinh_rentin,hh_year,.160772084621755,.10916299,.14324853,.037037037,2748,1724,130,365,22,1359,108
high_sat80_t,w12_14_c2016,never_only,full,any_rentin,hh_provyear,.057276207603217,0,,.3983984,3300,2063,162,564,41,1499,121
high_sat80_t,w12_14_c2016,never_only,full,any_rentin,hh_year,.0293215916503588,.04730523,.53624052,.34534535,3300,2063,162,564,41,1499,121
high_sat80_t,w12_14_c2016,never_only,full,asinh_rentin,hh_provyear,.1557959996166788,0,,.094094098,3300,2063,162,564,41,1499,121
high_sat80_t,w12_14_c2016,never_only,full,asinh_rentin,hh_year,.1126152218740077,.089127623,.20822613,.05105105,3300,2063,162,564,41,1499,121
high_sat80_t,w12_14_c2016,never_plus_next,drop_adminstart2014,any_rentin,hh_provyear,.0844101131675361,0,,.44544545,3630,2374,183,351,21,2023,162
high_sat80_t,w12_14_c2016,never_plus_next,drop_adminstart2014,any_rentin,hh_year,.0442323040088403,.058920059,.45379233,.21821822,3630,2374,183,351,21,2023,162
high_sat80_t,w12_14_c2016,never_plus_next,drop_adminstart2014,asinh_rentin,hh_provyear,.2209129477492197,0,,.11211211,3630,2374,183,351,21,2023,162
high_sat80_t,w12_14_c2016,never_plus_next,drop_adminstart2014,asinh_rentin,hh_year,.1428205683607361,.1128395,.20723957,.054054055,3630,2374,183,351,21,2023,162
high_sat80_t,w12_14_c2016,never_plus_next,drop_official2014prov,any_rentin,hh_provyear,.0898568132925905,0,,.32732734,3532,2311,177,365,22,1946,155
high_sat80_t,w12_14_c2016,never_plus_next,drop_official2014prov,any_rentin,hh_year,.0453891138101664,.056546636,.42323965,.1911912,3532,2311,177,365,22,1946,155
high_sat80_t,w12_14_c2016,never_plus_next,drop_official2014prov,asinh_rentin,hh_provyear,.2128243724066292,0,,.067067064,3532,2311,177,365,22,1946,155
high_sat80_t,w12_14_c2016,never_plus_next,drop_official2014prov,asinh_rentin,hh_year,.1391782870222103,.10866985,.2019687,.048048049,3532,2311,177,365,22,1946,155
high_sat80_t,w12_14_c2016,never_plus_next,full,any_rentin,hh_provyear,.0572762076032171,.094945937,.54698372,.38238239,4133,2697,214,564,41,2133,173
high_sat80_t,w12_14_c2016,never_plus_next,full,any_rentin,hh_year,.0260082383370054,.048361152,.59128213,.37537539,4133,2697,214,564,41,2133,173
high_sat80_t,w12_14_c2016,never_plus_next,full,asinh_rentin,hh_provyear,.155795999616679,.14356941,.27907678,.074074075,4133,2697,214,564,41,2133,173
high_sat80_t,w12_14_c2016,never_plus_next,full,asinh_rentin,hh_year,.0935709039304512,.088678055,.29254046,.087087087,4133,2697,214,564,41,2133,173
high_sat80_t,w12_14_c2016,next_only,drop_adminstart2014,any_rentin,hh_provyear,0,0,,,1366,985,73,351,21,634,52
high_sat80_t,w12_14_c2016,next_only,drop_adminstart2014,any_rentin,hh_year,.0274725274725275,.093566008,.76989561,.5935936,1366,985,73,351,21,634,52
high_sat80_t,w12_14_c2016,next_only,drop_adminstart2014,asinh_rentin,hh_provyear,0,0,,,1366,985,73,351,21,634,52
high_sat80_t,w12_14_c2016,next_only,drop_adminstart2014,asinh_rentin,hh_year,.0500155082208759,.16308288,.75996631,.55355358,1366,985,73,351,21,634,52
high_sat80_t,w12_14_c2016,next_only,drop_official2014prov,any_rentin,hh_provyear,0,0,,,1344,952,69,365,22,587,47
high_sat80_t,w12_14_c2016,next_only,drop_official2014prov,any_rentin,hh_year,.0256930886372511,.089684963,.77538037,.5985986,1344,952,69,365,22,587,47
high_sat80_t,w12_14_c2016,next_only,drop_official2014prov,asinh_rentin,hh_provyear,0,0,,,1344,952,69,365,22,587,47
high_sat80_t,w12_14_c2016,next_only,drop_official2014prov,asinh_rentin,hh_year,.0483089560068672,.15584932,.75753009,.5885886,1344,952,69,365,22,587,47
high_sat80_t,w12_14_c2016,next_only,full,any_rentin,hh_provyear,0,0,,,1689,1198,93,564,41,634,52
high_sat80_t,w12_14_c2016,next_only,full,any_rentin,hh_year,.0102739726027397,.084250733,.90320837,.83283281,1689,1198,93,564,41,634,52
high_sat80_t,w12_14_c2016,next_only,full,asinh_rentin,hh_provyear,0,0,,,1689,1198,93,564,41,634,52
high_sat80_t,w12_14_c2016,next_only,full,asinh_rentin,hh_year,.0031343187211,.14121459,.98234016,.95595598,1689,1198,93,564,41,634,52
high_sat80_t,w14_16_c2018,never_only,drop_adminstart2014,any_rentin,hh_provyear,-.0327885700566621,.073994257,.65814394,.31831831,3954,3211,206,1335,80,1876,126
high_sat80_t,w14_16_c2018,never_only,drop_adminstart2014,any_rentin,hh_year,-.026112086625695,.085140578,.75938773,.46946946,3954,3211,206,1335,80,1876,126
high_sat80_t,w14_16_c2018,never_only,drop_adminstart2014,asinh_rentin,hh_provyear,-.0135755690803769,0,,.83283281,3949,3209,206,1335,80,1874,126
high_sat80_t,w14_16_c2018,never_only,drop_adminstart2014,asinh_rentin,hh_year,-.0044455686410778,.16594905,.97865427,.94394392,3949,3209,206,1335,80,1874,126
high_sat80_t,w14_16_c2018,never_only,drop_official2014prov,any_rentin,hh_provyear,-.0354303425248294,.080744348,.66129476,.32632634,3789,3095,196,1204,71,1891,125
high_sat80_t,w14_16_c2018,never_only,drop_official2014prov,any_rentin,hh_year,-.0264047953921372,.089482814,.76824492,.4914915,3789,3095,196,1204,71,1891,125
high_sat80_t,w14_16_c2018,never_only,drop_official2014prov,asinh_rentin,hh_provyear,-.0179123467361275,.15585202,.9086175,.7897898,3784,3093,196,1204,71,1889,125
high_sat80_t,w14_16_c2018,never_only,drop_official2014prov,asinh_rentin,hh_year,-.0075441363101132,.17816369,.96626794,.91291291,3784,3093,196,1204,71,1889,125
high_sat80_t,w14_16_c2018,never_only,full,any_rentin,hh_provyear,-.0327885700566622,0,,.31431431,4122,3374,218,1335,80,2039,138
high_sat80_t,w14_16_c2018,never_only,full,any_rentin,hh_year,-.0283256839290232,.086430572,.74343359,.43643644,4122,3374,218,1335,80,2039,138
high_sat80_t,w14_16_c2018,never_only,full,asinh_rentin,hh_provyear,-.013575569080377,.14240438,.9241398,.8098098,4117,3372,218,1335,80,2037,138
high_sat80_t,w14_16_c2018,never_only,full,asinh_rentin,hh_year,-.0086804756357965,.16842508,.95894337,.9099099,4117,3372,218,1335,80,2037,138
