sample,outcome,spec,term,b,se,p,N,households,counties,treated_counties
full,any_transfer_in_zfill,stage,stage1_vs0,.010239252623976,.0070214705,.15515469,11307,1907,31,
full,any_transfer_in_zfill,stage,stage2_vs0,-.0286445000032163,.021102188,.1847728,11307,1907,31,
full,any_transfer_in_zfill,stage,stage3_minus_stage1,-.0174788052978918,.0099843591,.090233274,11307,1907,31,
full,any_transfer_in_zfill,stage,stage3_minus_stage2,.0214049473293005,.018931476,.26715925,11307,1907,31,
full,any_transfer_in_zfill,stage,stage3_vs0,-.0072395526739158,.013475112,.59505528,11307,1907,31,
full,any_transfer_in_zfill,threshold,hybrid_rate_any_t,-.012218468385219,.013093275,.35817406,11307,1907,31,23
full,any_transfer_in_zfill,threshold,hybrid_rate_high_t,.0265502613860526,.016628219,.15436392,2338,475,8,4
full,any_transfer_in_zfill,threshold,hybrid_rate_mid_t,.0077436207382331,.007914369,.36045954,2338,475,8,4
full,asinh_farm_income,stage,stage1_vs0,.5517559976014852,.091228366,1.2190465e-06,10069,1760,31,
full,asinh_farm_income,stage,stage2_vs0,.0025689095558522,.14003517,.98548532,10069,1760,31,
full,asinh_farm_income,stage,stage3_minus_stage1,-.2879665206983635,.11062912,.014226221,10069,1760,31,
full,asinh_farm_income,stage,stage3_minus_stage2,.2612205673472695,.13724627,.06663578,10069,1760,31,
full,asinh_farm_income,stage,stage3_vs0,.2637894769031217,.13351233,.057441849,10069,1760,31,
full,asinh_farm_income,threshold,hybrid_rate_any_t,.2029128475446416,.11861371,.097459517,10069,1760,31,23
full,asinh_farm_income,threshold,hybrid_rate_high_t,.1644363984135368,.057095449,.023650697,2043,412,8,4
full,asinh_farm_income,threshold,hybrid_rate_mid_t,.0909294181709735,.19263665,.65126884,2043,412,8,4
full,asinh_operated_area_end,stage,stage1_vs0,-.0182202978811116,.041041274,.66026413,8657,1591,31,
full,asinh_operated_area_end,stage,stage2_vs0,.0306989111578404,.059511688,.60974264,8657,1591,31,
full,asinh_operated_area_end,stage,stage3_minus_stage1,.0853485488590257,.041470014,.048361283,8657,1591,31,
full,asinh_operated_area_end,stage,stage3_minus_stage2,.0364293398200737,.063635513,.57127017,8657,1591,31,
full,asinh_operated_area_end,stage,stage3_vs0,.0671282509779141,.039247736,.097521357,8657,1591,31,
full,asinh_operated_area_end,threshold,hybrid_rate_any_t,.0518524110891499,.03562475,.15591191,8657,1591,31,23
full,asinh_operated_area_end,threshold,hybrid_rate_high_t,.1402051119808348,.035366535,.005431416,1660,341,8,4
full,asinh_operated_area_end,threshold,hybrid_rate_mid_t,.1779784757756115,.10077921,.12073561,1660,341,8,4
full,asinh_transfer_in_area_z,stage,stage1_vs0,.0133864893001215,.0081568891,.11121534,11307,1907,31,
full,asinh_transfer_in_area_z,stage,stage2_vs0,-.0455087376325593,.021209339,.040110026,11307,1907,31,
full,asinh_transfer_in_area_z,stage,stage3_minus_stage1,-.0459900267463268,.016248545,.008217237,11307,1907,31,
full,asinh_transfer_in_area_z,stage,stage3_minus_stage2,.012905200186354,.019684358,.51707369,11307,1907,31,
full,asinh_transfer_in_area_z,stage,stage3_vs0,-.0326035374462053,.020602932,.12402896,11307,1907,31,
full,asinh_transfer_in_area_z,threshold,hybrid_rate_any_t,-.0344720900580892,.018293856,.069239751,11307,1907,31,23
full,asinh_transfer_in_area_z,threshold,hybrid_rate_high_t,.0302457429914866,.018715126,.15010384,2338,475,8,4
full,asinh_transfer_in_area_z,threshold,hybrid_rate_mid_t,-.0028449037664322,.0062539265,.66295433,2338,475,8,4
full,farm_income_share,stage,stage1_vs0,.1879580067959946,.02410973,1.0656394e-08,10069,1760,31,
full,farm_income_share,stage,stage2_vs0,-.0287912489907044,.051779047,.58230698,10069,1760,31,
full,farm_income_share,stage,stage3_minus_stage1,-.1538140207741079,.024083352,4.7552871e-07,10069,1760,31,
full,farm_income_share,stage,stage3_minus_stage2,.0629352350125911,.053353898,.24743694,10069,1760,31,
full,farm_income_share,stage,stage3_vs0,.0341439860218867,.03443953,.32941082,10069,1760,31,
full,farm_income_share,threshold,hybrid_rate_any_t,.0227800121043386,.031245982,.47162235,10069,1760,31,23
full,farm_income_share,threshold,hybrid_rate_high_t,-.0447431452964949,.051239461,.41149655,2043,412,8,4
full,farm_income_share,threshold,hybrid_rate_mid_t,-.116278890838846,.052133031,.060932513,2043,412,8,4
long,any_transfer_in_zfill,stage,stage1_vs0,.0086898298874144,.011871985,.47312513,2287,276,20,
long,any_transfer_in_zfill,stage,stage2_vs0,-.0390477191148748,.025740845,.14574043,2287,276,20,
long,any_transfer_in_zfill,stage,stage3_minus_stage1,-.016148205514687,.013945553,.26123497,2287,276,20,
long,any_transfer_in_zfill,stage,stage3_minus_stage2,.0315893434876022,.028701399,.28481108,2287,276,20,
long,any_transfer_in_zfill,stage,stage3_vs0,-.0074583756272726,.023688506,.75630552,2287,276,20,
long,any_transfer_in_zfill,threshold,hybrid_rate_any_t,-.0154160566550731,.019875191,.44750723,2287,276,20,15
long,any_transfer_in_zfill,threshold,hybrid_rate_high_t,.0271227564711295,.025127918,.3297089,456,87,6,3
long,any_transfer_in_zfill,threshold,hybrid_rate_mid_t,.0097240479024278,.014601884,.53493387,456,87,6,3
long,asinh_farm_income,stage,stage1_vs0,.6281906427995562,.1277665,.000095778589,1987,259,20,
long,asinh_farm_income,stage,stage2_vs0,-.0255076307970261,.088779435,.77698153,1987,259,20,
long,asinh_farm_income,stage,stage3_minus_stage1,-.4106392301978862,.10849582,.0012523643,1987,259,20,
long,asinh_farm_income,stage,stage3_minus_stage2,.2430590433986961,.17502783,.18099335,1987,259,20,
long,asinh_farm_income,stage,stage3_vs0,.21755141260167,.18382557,.25122067,1987,259,20,
long,asinh_farm_income,threshold,hybrid_rate_any_t,.1714803776167579,.13344914,.21424158,1987,259,20,15
long,asinh_farm_income,threshold,hybrid_rate_high_t,.0613073940010693,.20378862,.77564597,386,78,6,3
long,asinh_farm_income,threshold,hybrid_rate_mid_t,-.2985771119235137,.01319616,3.1348202e-06,386,78,6,3
long,asinh_operated_area_end,stage,stage1_vs0,.0552380831577928,.063510761,.39529571,1710,231,20,
long,asinh_operated_area_end,stage,stage2_vs0,.0309586505958133,.050224781,.54494464,1710,231,20,
long,asinh_operated_area_end,stage,stage3_minus_stage1,.0822652985959387,.03992882,.053332768,1710,231,20,
long,asinh_operated_area_end,stage,stage3_minus_stage2,.1065447311579182,.084567264,.22296812,1710,231,20,
long,asinh_operated_area_end,stage,stage3_vs0,.1375033817537314,.050756738,.013914327,1710,231,20,
long,asinh_operated_area_end,threshold,hybrid_rate_any_t,.0950595302250081,.034827631,.013315212,1710,231,20,15
long,asinh_operated_area_end,threshold,hybrid_rate_high_t,.1050909552599128,.04924906,.085982122,340,67,6,3
long,asinh_operated_area_end,threshold,hybrid_rate_mid_t,.0579316934289995,.006641164,.00032783693,340,67,6,3
long,asinh_transfer_in_area_z,stage,stage1_vs0,.0052694362108353,.010793515,.63099205,2287,276,20,
long,asinh_transfer_in_area_z,stage,stage2_vs0,-.0505346548271207,.026273556,.069545127,2287,276,20,
long,asinh_transfer_in_area_z,stage,stage3_minus_stage1,-.0491666785754561,.016128313,.0066113863,2287,276,20,
long,asinh_transfer_in_area_z,stage,stage3_minus_stage2,.0066374124624998,.026697528,.80632585,2287,276,20,
long,asinh_transfer_in_area_z,stage,stage3_vs0,-.0438972423646208,.022697954,.068152674,2287,276,20,
long,asinh_transfer_in_area_z,threshold,hybrid_rate_any_t,-.0429703613253432,.019613899,.041135535,2287,276,20,15
long,asinh_transfer_in_area_z,threshold,hybrid_rate_high_t,.010995461935334,.019079665,.58938658,456,87,6,3
long,asinh_transfer_in_area_z,threshold,hybrid_rate_mid_t,-.0105713766107305,.009408853,.31223238,456,87,6,3
long,farm_income_share,stage,stage1_vs0,.2287110018309422,.025548266,3.0342161e-08,1987,259,20,
long,farm_income_share,stage,stage2_vs0,.0282557067825715,.041425668,.50341809,1987,259,20,
long,farm_income_share,stage,stage3_minus_stage1,-.1454423329703338,.035063535,.00054650323,1987,259,20,
long,farm_income_share,stage,stage3_minus_stage2,.055012962078037,.037857864,.16250095,1987,259,20,
long,farm_income_share,stage,stage3_vs0,.0832686688606084,.047685664,.096925005,1987,259,20,
long,farm_income_share,threshold,hybrid_rate_any_t,.0767990458920056,.039853435,.069063649,1987,259,20,15
long,farm_income_share,threshold,hybrid_rate_high_t,-.0159768475353458,.034414064,.6619786,386,78,6,3
long,farm_income_share,threshold,hybrid_rate_mid_t,-.0663045174636777,.015241208,.0073568113,386,78,6,3
overlap,any_transfer_in_zfill,stage,stage1_vs0,.0109431247464493,.0070344731,.13064018,3707,500,30,
overlap,any_transfer_in_zfill,stage,stage2_vs0,-.0274104410522828,.020865496,.19925459,3707,500,30,
overlap,any_transfer_in_zfill,stage,stage3_minus_stage1,-.0164687578402748,.010163762,.11598385,3707,500,30,
overlap,any_transfer_in_zfill,stage,stage3_minus_stage2,.0218848079584573,.01882861,.25458327,3707,500,30,
overlap,any_transfer_in_zfill,stage,stage3_vs0,-.0055256330938256,.013780424,.69137627,3707,500,30,
overlap,any_transfer_in_zfill,threshold,hybrid_rate_any_t,-.0106833127748138,.013229994,.42594853,3707,500,30,22
overlap,any_transfer_in_zfill,threshold,hybrid_rate_high_t,.0265336658634423,.017356912,.17018251,738,144,8,4
overlap,any_transfer_in_zfill,threshold,hybrid_rate_mid_t,.007701607158284,.0089773014,.41935021,738,144,8,4
overlap,asinh_farm_income,stage,stage1_vs0,.5584732661095031,.091643795,1.2312586e-06,3285,471,30,
overlap,asinh_farm_income,stage,stage2_vs0,.0122091905991003,.14384824,.93294364,3285,471,30,
overlap,asinh_farm_income,stage,stage3_minus_stage1,-.2849050018587064,.111059,.01574303,3285,471,30,
overlap,asinh_farm_income,stage,stage3_minus_stage2,.2613590736516964,.1376138,.067523845,3285,471,30,
overlap,asinh_farm_income,stage,stage3_vs0,.2735682642507967,.13675849,.054900937,3285,471,30,
overlap,asinh_farm_income,threshold,hybrid_rate_any_t,.2124955119105028,.12195289,.092028938,3285,471,30,22
overlap,asinh_farm_income,threshold,hybrid_rate_high_t,.163174766973387,.058777664,.027450513,660,134,8,4
overlap,asinh_farm_income,threshold,hybrid_rate_mid_t,.0865054272484133,.18725352,.65811747,660,134,8,4
overlap,asinh_operated_area_end,stage,stage1_vs0,-.0104039085747155,.039635081,.79486352,2811,437,29,
overlap,asinh_operated_area_end,stage,stage2_vs0,.0401425048808364,.059956625,.50864404,2811,437,29,
overlap,asinh_operated_area_end,stage,stage3_minus_stage1,.0898325145656248,.041058451,.037183244,2811,437,29,
overlap,asinh_operated_area_end,stage,stage3_minus_stage2,.039286101110073,.063404724,.54052538,2811,437,29,
overlap,asinh_operated_area_end,stage,stage3_vs0,.0794286059909093,.037514728,.043252107,2811,437,29,
overlap,asinh_operated_area_end,threshold,hybrid_rate_any_t,.0628408938883308,.034724936,.081093505,2811,437,29,22
overlap,asinh_operated_area_end,threshold,hybrid_rate_high_t,.1374791061032621,.032092769,.0036383127,531,121,8,4
overlap,asinh_operated_area_end,threshold,hybrid_rate_mid_t,.1702890771157424,.084644757,.084140942,531,121,8,4
overlap,asinh_transfer_in_area_z,stage,stage1_vs0,.0141768360678713,.0082366206,.095868878,3707,500,30,
overlap,asinh_transfer_in_area_z,stage,stage2_vs0,-.0430597052014588,.020996828,.049422037,3707,500,30,
overlap,asinh_transfer_in_area_z,stage,stage3_minus_stage1,-.0451283323108858,.016412666,.010164834,3707,500,30,
overlap,asinh_transfer_in_area_z,stage,stage3_minus_stage2,.0121082089584443,.019467255,.5388158,3707,500,30,
overlap,asinh_transfer_in_area_z,stage,stage3_vs0,-.0309514962430145,.021066576,.15253791,3707,500,30,
overlap,asinh_transfer_in_area_z,threshold,hybrid_rate_any_t,-.0326233741144718,.018621333,.090354919,3707,500,30,22
overlap,asinh_transfer_in_area_z,threshold,hybrid_rate_high_t,.0297795118842254,.01994073,.17897198,738,144,8,4
overlap,asinh_transfer_in_area_z,threshold,hybrid_rate_mid_t,-.0039417658996496,.0071285153,.59750009,738,144,8,4
overlap,farm_income_share,stage,stage1_vs0,.1894892222390006,.024363764,1.4113244e-08,3285,471,30,
overlap,farm_income_share,stage,stage2_vs0,-.0271506694800739,.052527223,.60915452,3285,471,30,
overlap,farm_income_share,stage,stage3_minus_stage1,-.1525670224505531,.02436783,7.8034833e-07,3285,471,30,
overlap,farm_income_share,stage,stage3_minus_stage2,.0640728692685215,.05369956,.24247216,3285,471,30,
overlap,farm_income_share,stage,stage3_vs0,.0369221997884475,.035091076,.30140477,3285,471,30,
overlap,farm_income_share,threshold,hybrid_rate_any_t,.0252796388771595,.03194268,.43513241,3285,471,30,22
overlap,farm_income_share,threshold,hybrid_rate_high_t,-.041976501042194,.047279175,.40409803,660,134,8,4
overlap,farm_income_share,threshold,hybrid_rate_mid_t,-.109225491191104,.043473553,.040251944,660,134,8,4
