group,sample,spec,outcome,b,se,p,N,households,counties,treated_counties,control_counties,status
high16_vs_never,countybal,linear_2009_2013,any_transfer_in_zfill,.0068273058871107,.0027048464,.012405222,61211,13325,194,4,190,ok
high16_vs_never,countybal,linear_2009_2013,asinh_farm_income,-.0243657271923612,.030061899,.41864049,52010,12231,194,4,190,ok
high16_vs_never,countybal,linear_2009_2013,asinh_household_income_total,-.0350869444345996,.010353187,.00085042126,61089,13320,194,4,190,ok
high16_vs_never,countybal,linear_2009_2013,asinh_operated_area_end,.0151117772605524,.011557749,.19262232,48433,11523,191,4,187,ok
high16_vs_never,countybal,linear_2009_2013,asinh_transfer_in_area_zfill,.0156888070816394,.0087457998,.074399687,61211,13325,194,4,190,ok
high16_vs_never,countybal,linear_2009_2014,any_transfer_in_zfill,.005377684274134,.002161033,.013675744,73436,13465,194,4,190,ok
high16_vs_never,countybal,linear_2009_2014,asinh_farm_income,.0039148145446629,.023328679,.86690748,61712,12385,194,4,190,ok
high16_vs_never,countybal,linear_2009_2014,asinh_household_income_total,-.0187719372012627,.012464989,.133709,73299,13460,194,4,190,ok
high16_vs_never,countybal,linear_2009_2014,asinh_operated_area_end,.0055784657357598,.02379949,.81493121,57529,11762,191,4,187,ok
high16_vs_never,countybal,linear_2009_2014,asinh_transfer_in_area_zfill,.0098519510735449,.0057817446,.089995094,73436,13465,194,4,190,ok
high16_vs_never,countybal,placebo_2013,any_transfer_in_zfill,.0136851464538318,.0085619194,.11159571,61211,13325,194,4,190,ok
high16_vs_never,countybal,placebo_2013,asinh_farm_income,.0372382993680312,.12136081,.7592963,52010,12231,194,4,190,ok
high16_vs_never,countybal,placebo_2013,asinh_household_income_total,-.0158518261491583,.057967652,.78479213,61089,13320,194,4,190,ok
high16_vs_never,countybal,placebo_2013,asinh_operated_area_end,.0329770829796802,.040879335,.42085186,48433,11523,191,4,187,ok
high16_vs_never,countybal,placebo_2013,asinh_transfer_in_area_zfill,.0319447873700743,.023204358,.17020863,61211,13325,194,4,190,ok
high16_vs_never,countybal,placebo_2013_14,any_transfer_in_zfill,.0133428166416951,.0082308212,.10663316,73436,13465,194,4,190,ok
high16_vs_never,countybal,placebo_2013_14,asinh_farm_income,.0847238051356237,.094294414,.37003708,61712,12385,194,4,190,ok
high16_vs_never,countybal,placebo_2013_14,asinh_household_income_total,-.0048055809425374,.052563794,.92725068,73299,13460,194,4,190,ok
high16_vs_never,countybal,placebo_2013_14,asinh_operated_area_end,.0072516621118401,.091082424,.93662608,57529,11762,191,4,187,ok
high16_vs_never,countybal,placebo_2013_14,asinh_transfer_in_area_zfill,.0221602270341925,.01920047,.24986574,73436,13465,194,4,190,ok
high16_vs_never,countybal,placebo_2014,any_transfer_in_zfill,.0099673136830746,.0072360029,.16996497,73436,13465,194,4,190,ok
high16_vs_never,countybal,placebo_2014,asinh_farm_income,.1193756682043094,.05328482,.02620955,61712,12385,194,4,190,ok
high16_vs_never,countybal,placebo_2014,asinh_household_income_total,.0091597341368417,.055264995,.86853343,73299,13460,194,4,190,ok
high16_vs_never,countybal,placebo_2014,asinh_operated_area_end,-.0276199868881787,.14165656,.84561813,57529,11762,191,4,187,ok
high16_vs_never,countybal,placebo_2014,asinh_transfer_in_area_zfill,.0053093335448868,.01616296,.74289906,73436,13465,194,4,190,ok
high16_vs_never,full,linear_2009_2013,any_transfer_in_zfill,.0071106331146131,.0025411833,.0054461556,87795,21433,326,4,322,ok
high16_vs_never,full,linear_2009_2013,asinh_farm_income,-.0101227877152407,.030572126,.74077415,74429,19540,325,4,321,ok
high16_vs_never,full,linear_2009_2013,asinh_household_income_total,-.0298800818810159,.0099945292,.0030061197,87599,21424,326,4,322,ok
high16_vs_never,full,linear_2009_2013,asinh_operated_area_end,.0145253865815011,.011062698,.19013368,68409,18190,317,4,313,ok
high16_vs_never,full,linear_2009_2013,asinh_transfer_in_area_zfill,.0165001308471286,.0079667596,.039136313,87795,21433,326,4,322,ok
high16_vs_never,full,linear_2009_2014,any_transfer_in_zfill,.0057745398248722,.0020845758,.0059246388,105708,21808,327,4,323,ok
high16_vs_never,full,linear_2009_2014,asinh_farm_income,.0151463304180231,.023353446,.5170747,88733,19947,326,4,322,ok
high16_vs_never,full,linear_2009_2014,asinh_household_income_total,-.0147972491179174,.01229756,.22974606,105484,21799,327,4,323,ok
high16_vs_never,full,linear_2009_2014,asinh_operated_area_end,.0038779799598107,.02387285,.87106043,81594,18703,318,4,314,ok
high16_vs_never,full,linear_2009_2014,asinh_transfer_in_area_zfill,.0110015215740352,.0054509817,.044382393,105708,21808,327,4,323,ok
high16_vs_never,full,placebo_2013,any_transfer_in_zfill,.0129973173134058,.0084366668,.12439333,87795,21433,326,4,322,ok
high16_vs_never,full,placebo_2013,asinh_farm_income,.0652877065918873,.12342887,.59720224,74429,19540,325,4,321,ok
high16_vs_never,full,placebo_2013,asinh_household_income_total,-.0112041376322187,.057937991,.84678096,87599,21424,326,4,322,ok
high16_vs_never,full,placebo_2013,asinh_operated_area_end,.0323965245537942,.039980784,.41837624,68409,18190,317,4,313,ok
high16_vs_never,full,placebo_2013,asinh_transfer_in_area_zfill,.0311020834613847,.02275189,.17256667,87795,21433,326,4,322,ok
high16_vs_never,full,placebo_2013_14,any_transfer_in_zfill,.014201097002074,.0081755677,.083328776,105708,21808,327,4,323,ok
high16_vs_never,full,placebo_2013_14,asinh_farm_income,.1119189685618482,.094790772,.23858736,88733,19947,326,4,322,ok
high16_vs_never,full,placebo_2013_14,asinh_household_income_total,.0009257481155954,.052426394,.98592246,105484,21799,327,4,323,ok
high16_vs_never,full,placebo_2013_14,asinh_operated_area_end,.0015331294850006,.09188471,.98669815,81594,18703,318,4,314,ok
high16_vs_never,full,placebo_2013_14,asinh_transfer_in_area_zfill,.0245623303418867,.01872628,.19056113,105708,21808,327,4,323,ok
high16_vs_never,full,placebo_2014,any_transfer_in_zfill,.0119943620958169,.0070762448,.091026895,105708,21808,327,4,323,ok
high16_vs_never,full,placebo_2014,asinh_farm_income,.1413068892973205,.051030912,.0059448937,88733,19947,326,4,322,ok
high16_vs_never,full,placebo_2014,asinh_household_income_total,.014249362300273,.055129331,.79620612,105484,21799,327,4,323,ok
high16_vs_never,full,placebo_2014,asinh_operated_area_end,-.0365763022788679,.14343293,.79888362,81594,18703,318,4,314,ok
high16_vs_never,full,placebo_2014,asinh_transfer_in_area_zfill,.0101853343427352,.013971097,.46650738,105708,21808,327,4,323,ok
high17_vs_never,countybal,linear_2009_2013,any_transfer_in_zfill,.0059088340398365,.002279504,.010259697,61742,13441,196,6,190,ok
high17_vs_never,countybal,linear_2009_2013,asinh_farm_income,-.1196802655541199,.070163861,.089651488,52452,12334,196,6,190,ok
high17_vs_never,countybal,linear_2009_2013,asinh_household_income_total,-.0764557095879497,.073319368,.29834288,61620,13436,196,6,190,ok
high17_vs_never,countybal,linear_2009_2013,asinh_operated_area_end,.0296410755848809,.030242585,.32826492,48928,11646,193,6,187,ok
high17_vs_never,countybal,linear_2009_2013,asinh_transfer_in_area_zfill,.0086803734792714,.0070709228,.22107126,61742,13441,196,6,190,ok
high17_vs_never,countybal,linear_2009_2014,any_transfer_in_zfill,.0044856741848584,.0013828768,.001388066,74073,13584,196,6,190,ok
high17_vs_never,countybal,linear_2009_2014,asinh_farm_income,-.0550817821142699,.032138642,.088139772,62249,12494,196,6,190,ok
high17_vs_never,countybal,linear_2009_2014,asinh_household_income_total,-.0538655514446391,.046919037,.25235304,73937,13579,196,6,190,ok
high17_vs_never,countybal,linear_2009_2014,asinh_operated_area_end,.0227019149660335,.029875688,.44825882,58150,11890,193,6,187,ok
high17_vs_never,countybal,linear_2009_2014,asinh_transfer_in_area_zfill,.0057009155657725,.0039453567,.15007178,74073,13584,196,6,190,ok
high17_vs_never,countybal,placebo_2013,any_transfer_in_zfill,.021490499613489,.009639319,.026924154,61742,13441,196,6,190,ok
high17_vs_never,countybal,placebo_2013,asinh_farm_income,-.4824298885100273,.34465173,.16317391,52452,12334,196,6,190,ok
high17_vs_never,countybal,placebo_2013,asinh_household_income_total,-.2861936297142996,.26145861,.27504036,61620,13436,196,6,190,ok
high17_vs_never,countybal,placebo_2013,asinh_operated_area_end,.0804339154430238,.094048604,.39348549,48928,11646,193,6,187,ok
high17_vs_never,countybal,placebo_2013,asinh_transfer_in_area_zfill,.0253329914735984,.015042826,.093770452,61742,13441,196,6,190,ok
high17_vs_never,countybal,placebo_2013_14,any_transfer_in_zfill,.0167471464171195,.0064639789,.010297675,74073,13584,196,6,190,ok
high17_vs_never,countybal,placebo_2013_14,asinh_farm_income,-.2464055233959489,.17436679,.15920736,62249,12494,196,6,190,ok
high17_vs_never,countybal,placebo_2013_14,asinh_household_income_total,-.2080471631066422,.16940424,.22088568,73937,13579,196,6,190,ok
high17_vs_never,countybal,placebo_2013_14,asinh_operated_area_end,.0673314640810646,.10215396,.51061004,58150,11890,193,6,187,ok
high17_vs_never,countybal,placebo_2013_14,asinh_transfer_in_area_zfill,.0176746778828903,.011309854,.1197286,74073,13584,196,6,190,ok
high17_vs_never,countybal,placebo_2014,any_transfer_in_zfill,.0073101313839975,.008592437,.39594424,74073,13584,196,6,190,ok
high17_vs_never,countybal,placebo_2014,asinh_farm_income,.089882688735036,.12388422,.46899197,62249,12494,196,6,190,ok
high17_vs_never,countybal,placebo_2014,asinh_household_income_total,-.0676521014682562,.11112533,.5433715,73937,13579,196,6,190,ok
high17_vs_never,countybal,placebo_2014,asinh_operated_area_end,.0374561852977715,.092740871,.68675041,58150,11890,193,6,187,ok
high17_vs_never,countybal,placebo_2014,asinh_transfer_in_area_zfill,.0041306934932933,.013465681,.75935555,74073,13584,196,6,190,ok
high17_vs_never,full,linear_2009_2013,any_transfer_in_zfill,.0064522866435962,.0030516761,.035226699,89864,21946,335,13,322,ok
high17_vs_never,full,linear_2009_2013,asinh_farm_income,-.0719522256436953,.045002818,.1108049,76188,20010,334,13,321,ok
high17_vs_never,full,linear_2009_2013,asinh_household_income_total,-.0422950150646393,.043211151,.32838792,89666,21937,335,13,322,ok
high17_vs_never,full,linear_2009_2013,asinh_operated_area_end,.0265797176788618,.017863562,.13773915,70185,18674,326,13,313,ok
high17_vs_never,full,linear_2009_2013,asinh_transfer_in_area_zfill,.0101378048752987,.0057717175,.079925895,89864,21946,335,13,322,ok
high17_vs_never,full,linear_2009_2014,any_transfer_in_zfill,.0036005503409171,.0016736173,.032162514,108181,22326,336,13,323,ok
high17_vs_never,full,linear_2009_2014,asinh_farm_income,-.0357907650653723,.022944873,.1197402,90821,20425,335,13,322,ok
high17_vs_never,full,linear_2009_2014,asinh_household_income_total,-.0328806848599182,.02740564,.23107338,107955,22317,336,13,323,ok
high17_vs_never,full,linear_2009_2014,asinh_operated_area_end,.0199708882090194,.016784925,.23498645,83740,19202,327,13,314,ok
high17_vs_never,full,linear_2009_2014,asinh_transfer_in_area_zfill,.0060085929958548,.003355494,.074248545,108181,22326,336,13,323,ok
high17_vs_never,full,placebo_2013,any_transfer_in_zfill,.0159275030313286,.0080141686,.047692478,89864,21946,335,13,322,ok
high17_vs_never,full,placebo_2013,asinh_farm_income,-.2711949656820568,.24216992,.263583,76188,20010,334,13,321,ok
high17_vs_never,full,placebo_2013,asinh_household_income_total,-.1669273342683985,.16496715,.31232682,89666,21937,335,13,322,ok
high17_vs_never,full,placebo_2013,asinh_operated_area_end,.0770074477304119,.0597183,.19813718,70185,18674,326,13,313,ok
high17_vs_never,full,placebo_2013,asinh_transfer_in_area_zfill,.0216303846798029,.012482364,.084040768,89864,21946,335,13,322,ok
high17_vs_never,full,placebo_2013_14,any_transfer_in_zfill,.0090848920131406,.0073331213,.21625552,108181,22326,336,13,323,ok
high17_vs_never,full,placebo_2013_14,asinh_farm_income,-.1417380241728574,.12304614,.25018212,90821,20425,335,13,322,ok
high17_vs_never,full,placebo_2013_14,asinh_household_income_total,-.1301750809474025,.10314376,.20780002,107955,22317,336,13,323,ok
high17_vs_never,full,placebo_2013_14,asinh_operated_area_end,.062377432842174,.060377214,.30230948,83740,19202,327,13,314,ok
high17_vs_never,full,placebo_2013_14,asinh_transfer_in_area_zfill,.013688783269429,.0099592814,.170213,108181,22326,336,13,323,ok
high17_vs_never,full,placebo_2014,any_transfer_in_zfill,.0005354313620442,.0091424687,.95333326,108181,22326,336,13,323,ok
high17_vs_never,full,placebo_2014,asinh_farm_income,.0407769882479471,.1056337,.69972575,90821,20425,335,13,322,ok
high17_vs_never,full,placebo_2014,asinh_household_income_total,-.0675080132292266,.069540501,.33236188,107955,22317,336,13,323,ok
high17_vs_never,full,placebo_2014,asinh_operated_area_end,.0366042789366067,.05489042,.50533265,83740,19202,327,13,314,ok
high17_vs_never,full,placebo_2014,asinh_transfer_in_area_zfill,.0016733725379702,.01110339,.88029659,108181,22326,336,13,323,ok
high17_vs_not17,countybal,linear_2009_2013,any_transfer_in_zfill,.0057716946388635,.0022556905,.011248906,62909,13676,200,6,194,ok
high17_vs_not17,countybal,linear_2009_2013,asinh_farm_income,-.1191183599527194,.070104711,.090853751,53583,12567,200,6,194,ok
high17_vs_not17,countybal,linear_2009_2013,asinh_household_income_total,-.0757523807014906,.073296443,.3026211,62786,13671,200,6,194,ok
high17_vs_not17,countybal,linear_2009_2013,asinh_operated_area_end,.0293240120770548,.030207286,.33286446,49909,11858,197,6,191,ok
high17_vs_not17,countybal,linear_2009_2013,asinh_transfer_in_area_zfill,.0083659006481431,.0069768811,.23191923,62909,13676,200,6,194,ok
high17_vs_not17,countybal,linear_2009_2014,any_transfer_in_zfill,.0043768157031923,.0013662244,.0015807218,75474,13819,200,6,194,ok
high17_vs_not17,countybal,linear_2009_2014,asinh_farm_income,-.0551973623284778,.032072689,.086803541,63601,12727,200,6,194,ok
high17_vs_not17,countybal,linear_2009_2014,asinh_household_income_total,-.053487286186637,.046903189,.25550017,75336,13814,200,6,194,ok
high17_vs_not17,countybal,linear_2009_2014,asinh_operated_area_end,.0225902431073406,.029854652,.45015371,59306,12102,197,6,191,ok
high17_vs_not17,countybal,linear_2009_2014,asinh_transfer_in_area_zfill,.0055018631459853,.0038905526,.15887757,75474,13819,200,6,194,ok
high17_vs_not17,countybal,placebo_2013,any_transfer_in_zfill,.0212155662192589,.0096114436,.028434427,62909,13676,200,6,194,ok
high17_vs_not17,countybal,placebo_2013,asinh_farm_income,-.4832347181506746,.3444449,.1621937,53583,12567,200,6,194,ok
high17_vs_not17,countybal,placebo_2013,asinh_household_income_total,-.2858438314477816,.26138607,.27546585,62786,13671,200,6,194,ok
high17_vs_not17,countybal,placebo_2013,asinh_operated_area_end,.0797535975310308,.093952514,.39698845,49909,11858,197,6,191,ok
high17_vs_not17,countybal,placebo_2013,asinh_transfer_in_area_zfill,.0246926776308237,.014921812,.099540509,62909,13676,200,6,194,ok
high17_vs_not17,countybal,placebo_2013_14,any_transfer_in_zfill,.0164771331268443,.0064343745,.011184228,75474,13819,200,6,194,ok
high17_vs_not17,countybal,placebo_2013_14,asinh_farm_income,-.2483889549536223,.17419051,.15544625,63601,12727,200,6,194,ok
high17_vs_not17,countybal,placebo_2013_14,asinh_household_income_total,-.2079206520708548,.16935305,.22099674,75336,13814,200,6,194,ok
high17_vs_not17,countybal,placebo_2013_14,asinh_operated_area_end,.0671729932477653,.10208817,.5113166,59306,12102,197,6,191,ok
high17_vs_not17,countybal,placebo_2013_14,asinh_transfer_in_area_zfill,.0172249778985449,.011183478,.12509619,75474,13819,200,6,194,ok
high17_vs_not17,countybal,placebo_2014,any_transfer_in_zfill,.0071076338497927,.0085568409,.40717384,75474,13819,200,6,194,ok
high17_vs_not17,countybal,placebo_2014,asinh_farm_income,.0870604355564154,.12365218,.48220897,63601,12727,200,6,194,ok
high17_vs_not17,countybal,placebo_2014,asinh_household_income_total,-.067806533239683,.11106092,.54220438,75336,13814,200,6,194,ok
high17_vs_not17,countybal,placebo_2014,asinh_operated_area_end,.0379923451606969,.092693262,.68234771,59306,12102,197,6,191,ok
high17_vs_not17,countybal,placebo_2014,asinh_transfer_in_area_zfill,.0040113917610283,.01322093,.76189268,75474,13819,200,6,194,ok
high17_vs_not17,full,linear_2009_2013,any_transfer_in_zfill,.0063475310712837,.0030416509,.037648764,91031,22181,339,13,326,ok
high17_vs_not17,full,linear_2009_2013,asinh_farm_income,-.071747823723133,.044942923,.1113321,77319,20243,338,13,325,ok
high17_vs_not17,full,linear_2009_2013,asinh_household_income_total,-.0418424914391611,.043189369,.33333045,90832,22172,339,13,326,ok
high17_vs_not17,full,linear_2009_2013,asinh_operated_area_end,.0263542736414635,.017834844,.14044888,71166,18886,330,13,317,ok
high17_vs_not17,full,linear_2009_2013,asinh_transfer_in_area_zfill,.0098950552510187,.0057197097,.084544428,91031,22181,339,13,326,ok
high17_vs_not17,full,linear_2009_2014,any_transfer_in_zfill,.003516012214637,.0016664267,.035598457,109582,22561,340,13,327,ok
high17_vs_not17,full,linear_2009_2014,asinh_farm_income,-.0360309634564552,.022893379,.11645544,92173,20658,339,13,326,ok
high17_vs_not17,full,linear_2009_2014,asinh_household_income_total,-.0326509567533116,.027392078,.23410073,109354,22552,340,13,327,ok
high17_vs_not17,full,linear_2009_2014,asinh_operated_area_end,.0199110739772292,.016766287,.23585847,84896,19414,331,13,318,ok
high17_vs_not17,full,linear_2009_2014,asinh_transfer_in_area_zfill,.0058460880096729,.0033249205,.079604961,109582,22561,340,13,327,ok
high17_vs_not17,full,placebo_2013,any_transfer_in_zfill,.0157292753049419,.0079980241,.050041966,91031,22181,339,13,326,ok
high17_vs_not17,full,placebo_2013,asinh_farm_income,-.2722066823822412,.24198049,.26142702,77319,20243,338,13,325,ok
high17_vs_not17,full,placebo_2013,asinh_household_income_total,-.1666847340764027,.16490567,.31284076,90832,22172,339,13,326,ok
high17_vs_not17,full,placebo_2013,asinh_operated_area_end,.0765151694553902,.059641238,.20042178,71166,18886,330,13,317,ok
high17_vs_not17,full,placebo_2013,asinh_transfer_in_area_zfill,.0211580555667234,.012413482,.089217581,91031,22181,339,13,326,ok
high17_vs_not17,full,placebo_2013_14,any_transfer_in_zfill,.0088697740300114,.0073183882,.2263623,109582,22561,340,13,327,ok
high17_vs_not17,full,placebo_2013_14,asinh_farm_income,-.1435967156373743,.12291069,.24350862,92173,20658,339,13,326,ok
high17_vs_not17,full,placebo_2013_14,asinh_household_income_total,-.1301131181783771,.1031033,.20782767,109354,22552,340,13,327,ok
high17_vs_not17,full,placebo_2013_14,asinh_operated_area_end,.0623496334380448,.060322832,.30208039,84896,19414,331,13,318,ok
high17_vs_not17,full,placebo_2013_14,asinh_transfer_in_area_zfill,.0133125371967005,.0098905126,.17920494,109582,22561,340,13,327,ok
high17_vs_not17,full,placebo_2014,any_transfer_in_zfill,.0003521295292995,.0091235489,.96923548,109582,22561,340,13,327,ok
high17_vs_not17,full,placebo_2014,asinh_farm_income,.0384203818419693,.10547976,.71590346,92173,20658,339,13,326,ok
high17_vs_not17,full,placebo_2014,asinh_household_income_total,-.0676365430634868,.069482297,.33103091,109354,22552,340,13,327,ok
high17_vs_not17,full,placebo_2014,asinh_operated_area_end,.0370965673518788,.05485082,.49931285,84896,19414,331,13,318,ok
high17_vs_not17,full,placebo_2014,asinh_transfer_in_area_zfill,.0014929903086361,.010986865,.89198995,109582,22561,340,13,327,ok
