spec,instrument_label,outcome,controls,model,N,clusters,ols_diff_b,ols_diff_se,ols_diff_p,iv_diff_b,iv_diff_se,iv_diff_p,iv_low_b,iv_low_p,first_stage_f,weak_D_f,weak_DM_f,sargan_p,status,scope,anchor
official_x_geo_area_rugged,Official schedule x terrain-area survey difficulty,any_rentin,farm_income,interaction_iv,2778,130,0.14631466945480534,0.06379657945492441,0.021821746356987637,0.17666909878937342,0.10531006423919805,0.09342347836693898,-0.18645173599470524,0.12127515546381051,9.439187273771735,,9.439187273771735,,ok,mech,signoff_or_issue_t
official_x_geo_area_rugged,Official schedule x terrain-area survey difficulty,asinh_rentin,farm_income,interaction_iv,2772,130,0.2894744354772511,0.14161093951921333,0.04093842863304209,0.39745416106314374,0.1904802524168438,0.03692522569505319,-0.22714566272265907,0.345594594943599,9.439868208250084,,9.439868208250084,,ok,mech,signoff_or_issue_t
official_x_geo_area_rugged,Official schedule x terrain-area survey difficulty,any_rentin,farm_income,full_treatment_iv,2778,130,0.14631466945480534,0.06379657945492441,0.021821746356987637,0.17345093600972494,0.11140485652420469,0.11948418003386574,1.5057146861611244,0.5339193992608897,0.7717080459365188,0.7717080459365188,12.29773275804129,,ok,mech,signoff_or_issue_t
official_x_geo_area_rugged,Official schedule x terrain-area survey difficulty,asinh_rentin,farm_income,full_treatment_iv,2772,130,0.2894744354772511,0.14161093951921333,0.04093842863304209,0.3917329388570329,0.20465765796344035,0.055608805411099915,2.6770600000536455,0.5206088144690197,0.7409586011111838,0.7409586011111838,12.298725064540804,,ok,mech,signoff_or_issue_t
official_x_geo_area_rugged,Official schedule x terrain-area survey difficulty,any_rentin,baseline_bundle,interaction_iv,2538,128,0.13267088800259452,0.0696620382703461,0.056845963103603125,0.2462037404280164,0.14041291121505298,0.07952879997380591,-0.2026462744199999,0.10235202312061653,10.744371993918355,,10.744371993918355,,ok,mech,signoff_or_issue_t
official_x_geo_area_rugged,Official schedule x terrain-area survey difficulty,asinh_rentin,baseline_bundle,interaction_iv,2532,128,0.2774287977544273,0.14850961545717925,0.06175002434051846,0.469195167012203,0.22824679020685226,0.03981641138384395,-0.24869865454932458,0.3292664717691145,10.745002568716934,,10.745002568716934,,ok,mech,signoff_or_issue_t
official_x_geo_area_rugged,Official schedule x terrain-area survey difficulty,any_rentin,baseline_bundle,full_treatment_iv,2538,128,0.13267088800259452,0.0696620382703461,0.056845963103603125,0.31541336344764603,0.21337067741367305,0.13934318319584604,2.4396133054568256,0.4898188666662664,1.2513283998580538,1.2513283998580538,13.96969140031021,,ok,mech,signoff_or_issue_t
official_x_geo_area_rugged,Official schedule x terrain-area survey difficulty,asinh_rentin,baseline_bundle,full_treatment_iv,2532,128,0.2774287977544273,0.14850961545717925,0.06175002434051846,0.5834252684745393,0.3364655190092667,0.08292121640039252,4.144422195791602,0.4821620024500022,1.226983041997204,1.226983041997204,13.970887213430377,,ok,mech,signoff_or_issue_t
official_x_survey_net_distance,Official schedule x survey difficulty net of simple distance,any_rentin,farm_income,interaction_iv,2778,130,0.14631466945480534,0.06379657945492441,0.021821746356987637,0.24425936867678963,0.11250302634681417,0.029920894754374316,-0.18645173599470524,0.12127515546381051,9.894897973379004,,9.894897973379004,,ok,mech,signoff_or_issue_t
official_x_survey_net_distance,Official schedule x survey difficulty net of simple distance,asinh_rentin,farm_income,interaction_iv,2772,130,0.2894744354772511,0.14161093951921333,0.04093842863304209,0.5294467260695478,0.2148444580087212,0.013727129840673147,-0.22714566272265907,0.345594594943599,9.895538207648073,,9.895538207648073,,ok,mech,signoff_or_issue_t
official_x_survey_net_distance,Official schedule x survey difficulty net of simple distance,any_rentin,farm_income,full_treatment_iv,2778,130,0.14631466945480534,0.06379657945492441,0.021821746356987637,0.2474811546652471,0.12006898260591693,0.03928796053226358,1.3323605671483518,0.5238206504903178,0.8260242091443822,0.8260242091443822,12.222184583470362,,ok,mech,signoff_or_issue_t
official_x_survey_net_distance,Official schedule x survey difficulty net of simple distance,asinh_rentin,farm_income,full_treatment_iv,2772,130,0.2894744354772511,0.14161093951921333,0.04093842863304209,0.5388233526030732,0.24126209579694935,0.02552569488678058,4.284914569133086,0.44925543954523706,0.7741203801689429,0.7741203801689429,12.225755983362259,,ok,mech,signoff_or_issue_t
official_x_survey_net_distance,Official schedule x survey difficulty net of simple distance,any_rentin,baseline_bundle,interaction_iv,2538,128,0.13267088800259452,0.0696620382703461,0.056845963103603125,0.2575181055594171,0.1334768493198016,0.053692495570176524,-0.2026462744199999,0.10235202312061653,11.020205148233275,,11.020205148233275,,ok,mech,signoff_or_issue_t
official_x_survey_net_distance,Official schedule x survey difficulty net of simple distance,asinh_rentin,baseline_bundle,interaction_iv,2532,128,0.2774287977544273,0.14850961545717925,0.06175002434051846,0.5439881094039118,0.2344643222175459,0.020333753285618927,-0.24869865454932458,0.3292664717691145,11.021038282729963,,11.021038282729963,,ok,mech,signoff_or_issue_t
official_x_survey_net_distance,Official schedule x survey difficulty net of simple distance,any_rentin,baseline_bundle,full_treatment_iv,2538,128,0.13267088800259452,0.0696620382703461,0.056845963103603125,0.2946034833620617,0.16573378783697307,0.07547443110179564,1.178136567129135,0.5234502281841302,1.32130799076797,1.32130799076797,13.54567176243598,,ok,mech,signoff_or_issue_t
official_x_survey_net_distance,Official schedule x survey difficulty net of simple distance,asinh_rentin,baseline_bundle,full_treatment_iv,2532,128,0.2774287977544273,0.14850961545717925,0.06175002434051846,0.6597347120926911,0.31574184407106737,0.03666497970023763,4.08126489797017,0.42300134527647737,1.2806823193538075,1.2806823193538075,13.549459435984055,,ok,mech,signoff_or_issue_t
official_x_survey_cost,Official schedule x raw survey-cost index,any_rentin,farm_income,interaction_iv,2778,130,0.14631466945480534,0.06379657945492441,0.021821746356987637,0.06917830705227056,0.12567167421113246,0.5819980271760481,-0.18645173599470524,0.12127515546381051,6.131013779236594,,6.131013779236594,,ok,mech,signoff_or_issue_t
official_x_survey_cost,Official schedule x raw survey-cost index,asinh_rentin,farm_income,interaction_iv,2772,130,0.2894744354772511,0.14161093951921333,0.04093842863304209,0.18280822646110376,0.21033347817130918,0.38477319375460173,-0.22714566272265907,0.345594594943599,6.131468003881681,,6.131468003881681,,ok,mech,signoff_or_issue_t
official_x_survey_cost,Official schedule x raw survey-cost index,any_rentin,farm_income,full_treatment_iv,2778,130,0.14631466945480534,0.06379657945492441,0.021821746356987637,0.05926291838029104,0.1333205405126753,0.6566706208871005,1.8098607393583113,0.629603139663188,0.4576693607759188,0.4576693607759188,7.2239862566857855,,ok,mech,signoff_or_issue_t
official_x_survey_cost,Official schedule x raw survey-cost index,asinh_rentin,farm_income,full_treatment_iv,2772,130,0.2894744354772511,0.14161093951921333,0.04093842863304209,0.18345651874206748,0.20882405441360205,0.37966052275741813,-0.35457958508008314,0.9335643833185336,0.4673972851529065,0.4673972851529065,7.223877162280294,,ok,mech,signoff_or_issue_t
official_x_survey_cost,Official schedule x raw survey-cost index,any_rentin,baseline_bundle,interaction_iv,2538,128,0.13267088800259452,0.0696620382703461,0.056845963103603125,0.24041873940916905,0.17077341117624922,0.1591834822030327,-0.2026462744199999,0.10235202312061653,6.950021192281697,,6.950021192281697,,ok,mech,signoff_or_issue_t
official_x_survey_cost,Official schedule x raw survey-cost index,asinh_rentin,baseline_bundle,interaction_iv,2532,128,0.2774287977544273,0.14850961545717925,0.06175002434051846,0.3613399009598904,0.25297569043815926,0.1531887849844049,-0.24869865454932458,0.3292664717691145,6.950160012201507,,6.950160012201507,,ok,mech,signoff_or_issue_t
official_x_survey_cost,Official schedule x raw survey-cost index,any_rentin,baseline_bundle,full_treatment_iv,2538,128,0.13267088800259452,0.0696620382703461,0.056845963103603125,0.5010967567094031,0.838537040423763,0.550117194235793,8.252506203282394,0.7047820965151106,1.066684736082379,1.066684736082379,8.081095289628115,,ok,mech,signoff_or_issue_t
official_x_survey_cost,Official schedule x raw survey-cost index,asinh_rentin,baseline_bundle,full_treatment_iv,2532,128,0.2774287977544273,0.14850961545717925,0.06175002434051846,0.49587017030915526,0.6068825539849031,0.41388405516322324,4.157953420164347,0.7662225854442408,1.0606672745238894,1.0606672745238894,8.081486912733748,,ok,mech,signoff_or_issue_t
official_x_geo_area_rugged,Official schedule x terrain-area survey difficulty,any_rentin,farm_income,interaction_iv,2772,130,0.11752845247599548,0.060613244013228484,0.052502599092824065,0.17831912225129842,0.10311023775121864,0.08373704940659876,-0.15255729528500048,0.16090825747910298,10.083049102736219,,10.083049102736219,,ok,mech,completed_t
official_x_geo_area_rugged,Official schedule x terrain-area survey difficulty,asinh_rentin,farm_income,interaction_iv,2766,130,0.23581902796749163,0.1236509800336107,0.056503195745820634,0.39604798711325795,0.186140788408865,0.03336364455718699,-0.16465538133961316,0.4497471165683089,10.08410032968476,,10.08410032968476,,ok,mech,completed_t
official_x_geo_area_rugged,Official schedule x terrain-area survey difficulty,any_rentin,farm_income,full_treatment_iv,2772,130,0.11752845247599548,0.060613244013228484,0.052502599092824065,0.0918166271676455,0.21615375754003507,0.6710009912604404,2.466941463373541,0.6657709273193264,0.9283728813530104,0.9283728813530104,13.27509920509365,,ok,mech,completed_t
official_x_geo_area_rugged,Official schedule x terrain-area survey difficulty,asinh_rentin,farm_income,full_treatment_iv,2766,130,0.23581902796749163,0.1236509800336107,0.056503195745820634,0.2511096190419023,0.3719838704663256,0.49964074130853064,4.238699480982582,0.6534834344652651,0.9189856519098671,0.9189856519098671,13.276538855836753,,ok,mech,completed_t
official_x_geo_area_rugged,Official schedule x terrain-area survey difficulty,any_rentin,baseline_bundle,interaction_iv,2532,128,0.10788312833093061,0.06418620543788198,0.0928049344380304,0.24907259579152127,0.1375640677109253,0.07020381154430999,-0.16318616113664433,0.14700877700159043,11.402207518366874,,11.402207518366874,,ok,mech,completed_t
official_x_geo_area_rugged,Official schedule x terrain-area survey difficulty,asinh_rentin,baseline_bundle,interaction_iv,2526,128,0.23418469579980117,0.13140598153756533,0.07472536227484072,0.47043969528203444,0.2234360677837136,0.03524973200430237,-0.1800002013175394,0.4324902711837968,11.403101746603978,,11.403101746603978,,ok,mech,completed_t
official_x_geo_area_rugged,Official schedule x terrain-area survey difficulty,any_rentin,baseline_bundle,full_treatment_iv,2532,128,0.10788312833093061,0.06418620543788198,0.0928049344380304,0.20837531041980373,0.2552940334112429,0.41437607950606803,4.043071002918211,0.6587216479730664,0.2990869318682124,0.2990869318682124,15.016827026468526,,ok,mech,completed_t
official_x_geo_area_rugged,Official schedule x terrain-area survey difficulty,asinh_rentin,baseline_bundle,full_treatment_iv,2526,128,0.23418469579980117,0.13140598153756533,0.07472536227484072,0.4047483035059538,0.41257422786406733,0.3265772201231556,6.620252840855443,0.6478005334193999,0.3061426532996955,0.3061426532996955,15.018639304720434,,ok,mech,completed_t
official_x_survey_net_distance,Official schedule x survey difficulty net of simple distance,any_rentin,farm_income,interaction_iv,2772,130,0.11752845247599548,0.060613244013228484,0.052502599092824065,0.24646413683118512,0.11123400564952322,0.02671023713219567,-0.15255729528500048,0.16090825747910298,10.333934395484155,,10.333934395484155,,ok,mech,completed_t
official_x_survey_net_distance,Official schedule x survey difficulty net of simple distance,asinh_rentin,farm_income,interaction_iv,2766,130,0.23581902796749163,0.1236509800336107,0.056503195745820634,0.5299055221123166,0.21198453010697396,0.012428562045818436,-0.16465538133961316,0.4497471165683089,10.334799623592405,,10.334799623592405,,ok,mech,completed_t
official_x_survey_net_distance,Official schedule x survey difficulty net of simple distance,any_rentin,farm_income,full_treatment_iv,2772,130,0.11752845247599548,0.060613244013228484,0.052502599092824065,0.19962206452105852,0.13676980328759794,0.14441439643819853,1.6525962343310987,0.5870160165638785,1.0565235598001839,1.0565235598001839,12.8195274303212,,ok,mech,completed_t
official_x_survey_net_distance,Official schedule x survey difficulty net of simple distance,asinh_rentin,farm_income,full_treatment_iv,2766,130,0.23581902796749163,0.1236509800336107,0.056503195745820634,0.38967689580121995,0.3399840612480763,0.2517280253868557,5.203295675520819,0.5303686928295384,1.0464031625226253,1.0464031625226253,12.82285398352458,,ok,mech,completed_t
official_x_survey_net_distance,Official schedule x survey difficulty net of simple distance,any_rentin,baseline_bundle,interaction_iv,2532,128,0.10788312833093061,0.06418620543788198,0.0928049344380304,0.2617667343656379,0.13230745392069015,0.047875363841904495,-0.16318616113664433,0.14700877700159043,11.463409477907687,,11.463409477907687,,ok,mech,completed_t
official_x_survey_net_distance,Official schedule x survey difficulty net of simple distance,asinh_rentin,baseline_bundle,interaction_iv,2526,128,0.23418469579980117,0.13140598153756533,0.07472536227484072,0.5479211947003984,0.2320335953115947,0.01820670289522175,-0.1800002013175394,0.4324902711837968,11.464400875082523,,11.464400875082523,,ok,mech,completed_t
official_x_survey_net_distance,Official schedule x survey difficulty net of simple distance,any_rentin,baseline_bundle,full_treatment_iv,2532,128,0.10788312833093061,0.06418620543788198,0.0928049344380304,0.2547922957579707,0.1560057524848595,0.10242195251591557,1.4417824993171315,0.5787465756860466,0.6579515173675642,0.6579515173675642,14.166590703856999,,ok,mech,completed_t
official_x_survey_net_distance,Official schedule x survey difficulty net of simple distance,asinh_rentin,baseline_bundle,full_treatment_iv,2526,128,0.23418469579980117,0.13140598153756533,0.07472536227484072,0.5241765318278684,0.3315441799017001,0.11387446306911775,4.902633922220379,0.5021537432902332,0.6487443556619652,0.6487443556619652,14.1706824134929,,ok,mech,completed_t
official_x_survey_cost,Official schedule x raw survey-cost index,any_rentin,farm_income,interaction_iv,2772,130,0.11752845247599548,0.060613244013228484,0.052502599092824065,0.07238829187542609,0.12186222550665415,0.552500422946578,-0.15255729528500048,0.16090825747910298,6.6304856033706425,,6.6304856033706425,,ok,mech,completed_t
official_x_survey_cost,Official schedule x raw survey-cost index,asinh_rentin,farm_income,interaction_iv,2766,130,0.23581902796749163,0.1236509800336107,0.056503195745820634,0.18299641549512777,0.20411048779276214,0.36995606089024813,-0.16465538133961316,0.4497471165683089,6.631420207030425,,6.631420207030425,,ok,mech,completed_t
official_x_survey_cost,Official schedule x raw survey-cost index,any_rentin,farm_income,full_treatment_iv,2772,130,0.11752845247599548,0.060613244013228484,0.052502599092824065,-0.22951128013083685,1.9330142351363595,0.9054874236881987,7.406301870385416,0.8795215167904653,0.7837842533021273,0.7837842533021273,7.863551580739315,,ok,mech,completed_t
official_x_survey_cost,Official schedule x raw survey-cost index,asinh_rentin,farm_income,full_treatment_iv,2766,130,0.23581902796749163,0.1236509800336107,0.056503195745820634,0.22466071935015686,0.6545876969024681,0.7314408546337632,-1.219120541517239,0.9391116702567015,0.7689216092675247,0.7689216092675247,7.863860429646257,,ok,mech,completed_t
official_x_survey_cost,Official schedule x raw survey-cost index,any_rentin,baseline_bundle,interaction_iv,2532,128,0.10788312833093061,0.06418620543788198,0.0928049344380304,0.24296154442688056,0.16553688445199571,0.14218070884249356,-0.16318616113664433,0.14700877700159043,7.468629066684749,,7.468629066684749,,ok,mech,completed_t
official_x_survey_cost,Official schedule x raw survey-cost index,asinh_rentin,baseline_bundle,interaction_iv,2526,128,0.23418469579980117,0.13140598153756533,0.07472536227484072,0.3624391089006778,0.24583329006737484,0.1403930742493109,-0.1800002013175394,0.4324902711837968,7.469125013615949,,7.469125013615949,,ok,mech,completed_t
official_x_survey_cost,Official schedule x raw survey-cost index,any_rentin,baseline_bundle,full_treatment_iv,2532,128,0.10788312833093061,0.06418620543788198,0.0928049344380304,0.5210105537167848,2.380347361569117,0.826743486088588,-22.8780813732983,0.8942089137789966,0.07325716128676875,0.07325716128676875,8.750959481775666,,ok,mech,completed_t
official_x_survey_cost,Official schedule x raw survey-cost index,asinh_rentin,baseline_bundle,full_treatment_iv,2526,128,0.23418469579980117,0.13140598153756533,0.07472536227484072,0.5486710681452607,1.9947359640490363,0.7832705295234441,-15.94368586403516,0.919935252254183,0.06264110416159965,0.06264110416159965,8.751861909201825,,ok,mech,completed_t
official_x_geo_area_rugged,Official schedule x terrain-area survey difficulty,any_rentin,farm_income,interaction_iv,2772,130,0.11752845247599548,0.060613244013228484,0.052502599092824065,0.17831912225129842,0.10311023775121864,0.08373704940659876,-0.15255729528500048,0.16090825747910298,10.083049102736219,,10.083049102736219,,ok,mech,high_sat80_t
official_x_geo_area_rugged,Official schedule x terrain-area survey difficulty,asinh_rentin,farm_income,interaction_iv,2766,130,0.23581902796749163,0.1236509800336107,0.056503195745820634,0.39604798711325795,0.186140788408865,0.03336364455718699,-0.16465538133961316,0.4497471165683089,10.08410032968476,,10.08410032968476,,ok,mech,high_sat80_t
official_x_geo_area_rugged,Official schedule x terrain-area survey difficulty,any_rentin,farm_income,full_treatment_iv,2772,130,0.11752845247599548,0.060613244013228484,0.052502599092824065,0.0918166271676455,0.21615375754003507,0.6710009912604404,2.466941463373541,0.6657709273193264,0.9283728813530104,0.9283728813530104,13.27509920509365,,ok,mech,high_sat80_t
official_x_geo_area_rugged,Official schedule x terrain-area survey difficulty,asinh_rentin,farm_income,full_treatment_iv,2766,130,0.23581902796749163,0.1236509800336107,0.056503195745820634,0.2511096190419023,0.3719838704663256,0.49964074130853064,4.238699480982582,0.6534834344652651,0.9189856519098671,0.9189856519098671,13.276538855836753,,ok,mech,high_sat80_t
official_x_geo_area_rugged,Official schedule x terrain-area survey difficulty,any_rentin,baseline_bundle,interaction_iv,2532,128,0.10788312833093061,0.06418620543788198,0.0928049344380304,0.24907259579152127,0.1375640677109253,0.07020381154430999,-0.16318616113664433,0.14700877700159043,11.402207518366874,,11.402207518366874,,ok,mech,high_sat80_t
official_x_geo_area_rugged,Official schedule x terrain-area survey difficulty,asinh_rentin,baseline_bundle,interaction_iv,2526,128,0.23418469579980117,0.13140598153756533,0.07472536227484072,0.47043969528203444,0.2234360677837136,0.03524973200430237,-0.1800002013175394,0.4324902711837968,11.403101746603978,,11.403101746603978,,ok,mech,high_sat80_t
official_x_geo_area_rugged,Official schedule x terrain-area survey difficulty,any_rentin,baseline_bundle,full_treatment_iv,2532,128,0.10788312833093061,0.06418620543788198,0.0928049344380304,0.20837531041980373,0.2552940334112429,0.41437607950606803,4.043071002918211,0.6587216479730664,0.2990869318682124,0.2990869318682124,15.016827026468526,,ok,mech,high_sat80_t
official_x_geo_area_rugged,Official schedule x terrain-area survey difficulty,asinh_rentin,baseline_bundle,full_treatment_iv,2526,128,0.23418469579980117,0.13140598153756533,0.07472536227484072,0.4047483035059538,0.41257422786406733,0.3265772201231556,6.620252840855443,0.6478005334193999,0.3061426532996955,0.3061426532996955,15.018639304720434,,ok,mech,high_sat80_t
official_x_survey_net_distance,Official schedule x survey difficulty net of simple distance,any_rentin,farm_income,interaction_iv,2772,130,0.11752845247599548,0.060613244013228484,0.052502599092824065,0.24646413683118512,0.11123400564952322,0.02671023713219567,-0.15255729528500048,0.16090825747910298,10.333934395484155,,10.333934395484155,,ok,mech,high_sat80_t
official_x_survey_net_distance,Official schedule x survey difficulty net of simple distance,asinh_rentin,farm_income,interaction_iv,2766,130,0.23581902796749163,0.1236509800336107,0.056503195745820634,0.5299055221123166,0.21198453010697396,0.012428562045818436,-0.16465538133961316,0.4497471165683089,10.334799623592405,,10.334799623592405,,ok,mech,high_sat80_t
official_x_survey_net_distance,Official schedule x survey difficulty net of simple distance,any_rentin,farm_income,full_treatment_iv,2772,130,0.11752845247599548,0.060613244013228484,0.052502599092824065,0.19962206452105852,0.13676980328759794,0.14441439643819853,1.6525962343310987,0.5870160165638785,1.0565235598001839,1.0565235598001839,12.8195274303212,,ok,mech,high_sat80_t
official_x_survey_net_distance,Official schedule x survey difficulty net of simple distance,asinh_rentin,farm_income,full_treatment_iv,2766,130,0.23581902796749163,0.1236509800336107,0.056503195745820634,0.38967689580121995,0.3399840612480763,0.2517280253868557,5.203295675520819,0.5303686928295384,1.0464031625226253,1.0464031625226253,12.82285398352458,,ok,mech,high_sat80_t
official_x_survey_net_distance,Official schedule x survey difficulty net of simple distance,any_rentin,baseline_bundle,interaction_iv,2532,128,0.10788312833093061,0.06418620543788198,0.0928049344380304,0.2617667343656379,0.13230745392069015,0.047875363841904495,-0.16318616113664433,0.14700877700159043,11.463409477907687,,11.463409477907687,,ok,mech,high_sat80_t
official_x_survey_net_distance,Official schedule x survey difficulty net of simple distance,asinh_rentin,baseline_bundle,interaction_iv,2526,128,0.23418469579980117,0.13140598153756533,0.07472536227484072,0.5479211947003984,0.2320335953115947,0.01820670289522175,-0.1800002013175394,0.4324902711837968,11.464400875082523,,11.464400875082523,,ok,mech,high_sat80_t
official_x_survey_net_distance,Official schedule x survey difficulty net of simple distance,any_rentin,baseline_bundle,full_treatment_iv,2532,128,0.10788312833093061,0.06418620543788198,0.0928049344380304,0.2547922957579707,0.1560057524848595,0.10242195251591557,1.4417824993171315,0.5787465756860466,0.6579515173675642,0.6579515173675642,14.166590703856999,,ok,mech,high_sat80_t
official_x_survey_net_distance,Official schedule x survey difficulty net of simple distance,asinh_rentin,baseline_bundle,full_treatment_iv,2526,128,0.23418469579980117,0.13140598153756533,0.07472536227484072,0.5241765318278684,0.3315441799017001,0.11387446306911775,4.902633922220379,0.5021537432902332,0.6487443556619652,0.6487443556619652,14.1706824134929,,ok,mech,high_sat80_t
official_x_survey_cost,Official schedule x raw survey-cost index,any_rentin,farm_income,interaction_iv,2772,130,0.11752845247599548,0.060613244013228484,0.052502599092824065,0.07238829187542609,0.12186222550665415,0.552500422946578,-0.15255729528500048,0.16090825747910298,6.6304856033706425,,6.6304856033706425,,ok,mech,high_sat80_t
official_x_survey_cost,Official schedule x raw survey-cost index,asinh_rentin,farm_income,interaction_iv,2766,130,0.23581902796749163,0.1236509800336107,0.056503195745820634,0.18299641549512777,0.20411048779276214,0.36995606089024813,-0.16465538133961316,0.4497471165683089,6.631420207030425,,6.631420207030425,,ok,mech,high_sat80_t
official_x_survey_cost,Official schedule x raw survey-cost index,any_rentin,farm_income,full_treatment_iv,2772,130,0.11752845247599548,0.060613244013228484,0.052502599092824065,-0.22951128013083685,1.9330142351363595,0.9054874236881987,7.406301870385416,0.8795215167904653,0.7837842533021273,0.7837842533021273,7.863551580739315,,ok,mech,high_sat80_t
official_x_survey_cost,Official schedule x raw survey-cost index,asinh_rentin,farm_income,full_treatment_iv,2766,130,0.23581902796749163,0.1236509800336107,0.056503195745820634,0.22466071935015686,0.6545876969024681,0.7314408546337632,-1.219120541517239,0.9391116702567015,0.7689216092675247,0.7689216092675247,7.863860429646257,,ok,mech,high_sat80_t
official_x_survey_cost,Official schedule x raw survey-cost index,any_rentin,baseline_bundle,interaction_iv,2532,128,0.10788312833093061,0.06418620543788198,0.0928049344380304,0.24296154442688056,0.16553688445199571,0.14218070884249356,-0.16318616113664433,0.14700877700159043,7.468629066684749,,7.468629066684749,,ok,mech,high_sat80_t
official_x_survey_cost,Official schedule x raw survey-cost index,asinh_rentin,baseline_bundle,interaction_iv,2526,128,0.23418469579980117,0.13140598153756533,0.07472536227484072,0.3624391089006778,0.24583329006737484,0.1403930742493109,-0.1800002013175394,0.4324902711837968,7.469125013615949,,7.469125013615949,,ok,mech,high_sat80_t
official_x_survey_cost,Official schedule x raw survey-cost index,any_rentin,baseline_bundle,full_treatment_iv,2532,128,0.10788312833093061,0.06418620543788198,0.0928049344380304,0.5210105537167848,2.380347361569117,0.826743486088588,-22.8780813732983,0.8942089137789966,0.07325716128676875,0.07325716128676875,8.750959481775666,,ok,mech,high_sat80_t
official_x_survey_cost,Official schedule x raw survey-cost index,asinh_rentin,baseline_bundle,full_treatment_iv,2526,128,0.23418469579980117,0.13140598153756533,0.07472536227484072,0.5486710681452607,1.9947359640490363,0.7832705295234441,-15.94368586403516,0.919935252254183,0.06264110416159965,0.06264110416159965,8.751861909201825,,ok,mech,high_sat80_t
official_x_geo_area_rugged,Official schedule x terrain-area survey difficulty,any_rentin,farm_income,interaction_iv,2758,130,0.14631466945480534,0.06379657945414671,0.02182174635537959,0.18427178577895417,0.1123386108792627,0.10093769554315735,-0.18645173599470513,0.12127515546379941,8.22941738590865,,8.22941738590865,,ok,adjacent,signoff_or_issue_t
official_x_geo_area_rugged,Official schedule x terrain-area survey difficulty,asinh_rentin,farm_income,interaction_iv,2752,130,0.28947443547725116,0.1416109395180255,0.04093842863134878,0.4020062439531457,0.1927434197032763,0.03700519818163395,-0.2271456627226589,0.34559459494359857,8.230370619902786,,8.230370619902786,,ok,adjacent,signoff_or_issue_t
official_x_geo_area_rugged,Official schedule x terrain-area survey difficulty,any_rentin,farm_income,full_treatment_iv,2758,130,0.14631466945480534,0.06379657945414671,0.02182174635537959,0.19027821261123978,0.12387085125690973,0.12451346433949761,1.6470705980060902,0.5373568431347417,0.7201046136001181,0.7201046136001181,10.359883663057134,,ok,adjacent,signoff_or_issue_t
official_x_geo_area_rugged,Official schedule x terrain-area survey difficulty,asinh_rentin,farm_income,full_treatment_iv,2752,130,0.28947443547725116,0.1416109395180255,0.04093842863134878,0.4123442276368202,0.2152831685948622,0.05544692959010944,2.9414589054982954,0.526528377365983,0.6885032772446414,0.6885032772446414,10.360667977111266,,ok,adjacent,signoff_or_issue_t
official_x_geo_area_rugged,Official schedule x terrain-area survey difficulty,any_rentin,baseline_bundle,interaction_iv,2518,128,0.13267088800259447,0.06966203826980452,0.056845963101676666,0.2716979475628872,0.1547640087134169,0.07916307653996002,-0.20264627441999983,0.10235202312053882,9.37463764071146,,9.37463764071146,,ok,adjacent,signoff_or_issue_t
official_x_geo_area_rugged,Official schedule x terrain-area survey difficulty,asinh_rentin,baseline_bundle,interaction_iv,2512,128,0.2774287977544274,0.14850961545662808,0.06175002433955212,0.49898554171374615,0.24150809619895017,0.03881682422975419,-0.2486986545493245,0.3292664717690337,9.375632126164996,,9.375632126164996,,ok,adjacent,signoff_or_issue_t
official_x_geo_area_rugged,Official schedule x terrain-area survey difficulty,any_rentin,baseline_bundle,full_treatment_iv,2518,128,0.13267088800259447,0.06966203826980452,0.056845963101676666,0.3717945544622002,0.2604185446815301,0.15338375690049966,2.652282184841905,0.4980124331309057,1.2699021036697071,1.2699021036697071,11.704555828395446,,ok,adjacent,signoff_or_issue_t
official_x_geo_area_rugged,Official schedule x terrain-area survey difficulty,asinh_rentin,baseline_bundle,full_treatment_iv,2512,128,0.2774287977544274,0.14850961545662808,0.06175002433955212,0.6664488326194002,0.40368765728606826,0.09875855104643638,4.5542706686222445,0.4915786172953305,1.2487054032418194,1.2487054032418194,11.705583815126607,,ok,adjacent,signoff_or_issue_t
official_x_survey_net_distance,Official schedule x survey difficulty net of simple distance,any_rentin,farm_income,interaction_iv,2758,130,0.14631466945480534,0.06379657945414671,0.02182174635537959,0.2573693067230755,0.11940205623724409,0.0311239237445331,-0.18645173599470513,0.12127515546379941,8.712514569753699,,8.712514569753699,,ok,adjacent,signoff_or_issue_t
official_x_survey_net_distance,Official schedule x survey difficulty net of simple distance,asinh_rentin,farm_income,interaction_iv,2752,130,0.28947443547725116,0.1416109395180255,0.04093842863134878,0.546377229611121,0.21781514978732086,0.012126399231706886,-0.2271456627226589,0.34559459494359857,8.713163976277544,,8.713163976277544,,ok,adjacent,signoff_or_issue_t
official_x_survey_net_distance,Official schedule x survey difficulty net of simple distance,any_rentin,farm_income,full_treatment_iv,2758,130,0.14631466945480534,0.06379657945414671,0.02182174635537959,0.2679812630556375,0.13264047886706865,0.04334625847067186,1.473039986396334,0.524126638842042,0.7781392150094151,0.7781392150094151,10.528157351924047,,ok,adjacent,signoff_or_issue_t
official_x_survey_net_distance,Official schedule x survey difficulty net of simple distance,asinh_rentin,farm_income,full_treatment_iv,2752,130,0.28947443547725116,0.1416109395180255,0.04093842863134878,0.5783117618052103,0.25798300155592024,0.024982957192062116,4.767617140117795,0.45855652426196514,0.7259174653360712,0.7259174653360712,10.530905721544835,,ok,adjacent,signoff_or_issue_t
official_x_survey_net_distance,Official schedule x survey difficulty net of simple distance,any_rentin,baseline_bundle,interaction_iv,2518,128,0.13267088800259447,0.06966203826980452,0.056845963101676666,0.2806402419556599,0.14484750455545967,0.052685769390442116,-0.20264627441999983,0.10235202312053882,9.70547544159441,,9.70547544159441,,ok,adjacent,signoff_or_issue_t
official_x_survey_net_distance,Official schedule x survey difficulty net of simple distance,asinh_rentin,baseline_bundle,interaction_iv,2512,128,0.2774287977544274,0.14850961545662808,0.06175002433955212,0.5766261206535026,0.24547036720638196,0.01882056486535877,-0.2486986545493245,0.3292664717690337,9.706386494756876,,9.706386494756876,,ok,adjacent,signoff_or_issue_t
official_x_survey_net_distance,Official schedule x survey difficulty net of simple distance,any_rentin,baseline_bundle,full_treatment_iv,2518,128,0.13267088800259447,0.06966203826980452,0.056845963101676666,0.33110348400598855,0.18929456593750418,0.08026610399469014,1.2720842430004975,0.5211724348257705,1.3611414910101187,1.3611414910101187,11.635850572127978,,ok,adjacent,signoff_or_issue_t
official_x_survey_net_distance,Official schedule x survey difficulty net of simple distance,asinh_rentin,baseline_bundle,full_treatment_iv,2512,128,0.2774287977544274,0.14850961545662808,0.06175002433955212,0.7371141976865004,0.3613921348455675,0.041384996950274866,4.459164506340156,0.42594980628422796,1.3256834680723886,1.3256834680723886,11.638848351687196,,ok,adjacent,signoff_or_issue_t
official_x_survey_cost,Official schedule x raw survey-cost index,any_rentin,farm_income,interaction_iv,2758,130,0.14631466945480534,0.06379657945414671,0.02182174635537959,0.07013907911198489,0.1264634230214963,0.5791549554400361,-0.18645173599470513,0.12127515546379941,6.0789947032075675,,6.0789947032075675,,ok,adjacent,signoff_or_issue_t
official_x_survey_cost,Official schedule x raw survey-cost index,asinh_rentin,farm_income,interaction_iv,2752,130,0.28947443547725116,0.1416109395180255,0.04093842863134878,0.18130315150383394,0.21183445121010666,0.39206864663882146,-0.2271456627226589,0.34559459494359857,6.079560072838142,,6.079560072838142,,ok,adjacent,signoff_or_issue_t
official_x_survey_cost,Official schedule x raw survey-cost index,any_rentin,farm_income,full_treatment_iv,2758,130,0.14631466945480534,0.06379657945414671,0.02182174635537959,0.05972638548746778,0.13525079484883454,0.6587806399782883,1.9902479010949774,0.6462404121965304,0.38170604274386316,0.38170604274386316,7.166200492720208,,ok,adjacent,signoff_or_issue_t
official_x_survey_cost,Official schedule x raw survey-cost index,asinh_rentin,farm_income,full_treatment_iv,2752,130,0.28947443547725116,0.1416109395180255,0.04093842863134878,0.18316200077946213,0.20921381232906536,0.3813141074357631,-0.6093488210394159,0.8992971491639359,0.391529106030094,0.391529106030094,7.166283418670443,,ok,adjacent,signoff_or_issue_t
official_x_survey_cost,Official schedule x raw survey-cost index,any_rentin,baseline_bundle,interaction_iv,2518,128,0.13267088800259447,0.06966203826980452,0.056845963101676666,0.24575255388971967,0.17265564141455744,0.15462943863792167,-0.20264627441999983,0.10235202312053882,6.888284367617604,,6.888284367617604,,ok,adjacent,signoff_or_issue_t
official_x_survey_cost,Official schedule x raw survey-cost index,asinh_rentin,baseline_bundle,interaction_iv,2512,128,0.2774287977544274,0.14850961545662808,0.06175002433955212,0.367050229539437,0.2551500025739018,0.15027340201777184,-0.2486986545493245,0.3292664717690337,6.888549405345914,,6.888549405345914,,ok,adjacent,signoff_or_issue_t
official_x_survey_cost,Official schedule x raw survey-cost index,any_rentin,baseline_bundle,full_treatment_iv,2518,128,0.13267088800259447,0.06966203826980452,0.056845963101676666,0.5843430209336624,1.2664176243040457,0.6445014962556777,10.752652973695092,0.7606079665698904,1.054543317505484,1.054543317505484,8.01023282859685,,ok,adjacent,signoff_or_issue_t
official_x_survey_cost,Official schedule x raw survey-cost index,asinh_rentin,baseline_bundle,full_treatment_iv,2512,128,0.2774287977544274,0.14850961545662808,0.06175002433955212,0.5308725849315579,0.7842457414664422,0.49845593903870267,5.102643315955959,0.7971857775866118,1.045830564788465,1.045830564788465,8.010866848008986,,ok,adjacent,signoff_or_issue_t
official_x_geo_area_rugged,Official schedule x terrain-area survey difficulty,any_rentin,farm_income,interaction_iv,2752,130,0.1175284524759953,0.06061324401238973,0.052502599089557345,0.18593963173795894,0.11001315557205578,0.0909977020232382,-0.15255729528500053,0.16090825747906656,8.73273308193743,,8.73273308193743,,ok,adjacent,completed_t
official_x_geo_area_rugged,Official schedule x terrain-area survey difficulty,asinh_rentin,farm_income,interaction_iv,2746,130,0.23581902796749157,0.12365098003232411,0.0565031957432518,0.40134679905271997,0.18855789179139837,0.03329506735545751,-0.16465538133961308,0.4497471165682998,8.734123590708398,,8.734123590708398,,ok,adjacent,completed_t
official_x_geo_area_rugged,Official schedule x terrain-area survey difficulty,any_rentin,farm_income,full_treatment_iv,2752,130,0.1175284524759953,0.06061324401238973,0.052502599089557345,0.11268419640780604,0.21803579300947,0.60528521816072,2.7868755704666484,0.6799932876915462,0.6523899455428386,0.6523899455428386,11.09743671003389,,ok,adjacent,completed_t
official_x_geo_area_rugged,Official schedule x terrain-area survey difficulty,asinh_rentin,farm_income,full_treatment_iv,2746,130,0.23581902796749157,0.12365098003232411,0.0565031957432518,0.27692938569040804,0.3763960384804354,0.4618893228573515,4.8065983192351505,0.6696002461568797,0.6556629079708053,0.6556629079708053,11.09893498518046,,ok,adjacent,completed_t
official_x_geo_area_rugged,Official schedule x terrain-area survey difficulty,any_rentin,baseline_bundle,interaction_iv,2512,128,0.10788312833093058,0.0641862054373133,0.09280493443513693,0.27498417693905153,0.1518138148578961,0.07009053890978367,-0.1631861611366441,0.14700877700134507,9.884336595031316,,9.884336595031316,,ok,adjacent,completed_t
official_x_geo_area_rugged,Official schedule x terrain-area survey difficulty,asinh_rentin,baseline_bundle,interaction_iv,2506,128,0.23418469579980133,0.1314059815370709,0.07472536227374715,0.5014574187778924,0.23688654196363357,0.034271095739811575,-0.18000020131753935,0.4324902711835694,9.885603374098574,,9.885603374098574,,ok,adjacent,completed_t
official_x_geo_area_rugged,Official schedule x terrain-area survey difficulty,any_rentin,baseline_bundle,full_treatment_iv,2512,128,0.10788312833093058,0.0641862054373133,0.09280493443513693,0.27957620800089256,0.29572640894272784,0.344460809555005,4.527111670426315,0.6747866494000667,0.21696342278339747,0.21696342278339747,12.485576747682554,,ok,adjacent,completed_t
official_x_geo_area_rugged,Official schedule x terrain-area survey difficulty,asinh_rentin,baseline_bundle,full_treatment_iv,2506,128,0.23418469579980133,0.1314059815370709,0.07472536227374715,0.5072235570206024,0.4701846034850174,0.2806878890622988,7.489362211470393,0.6651990455263173,0.22493156149006752,0.22493156149006752,12.487429999418524,,ok,adjacent,completed_t
official_x_survey_net_distance,Official schedule x survey difficulty net of simple distance,any_rentin,farm_income,interaction_iv,2752,130,0.1175284524759953,0.06061324401238973,0.052502599089557345,0.25980271686831896,0.1181517406715186,0.02788572327929839,-0.15255729528500053,0.16090825747906656,9.042047031836331,,9.042047031836331,,ok,adjacent,completed_t
official_x_survey_net_distance,Official schedule x survey difficulty net of simple distance,asinh_rentin,farm_income,interaction_iv,2746,130,0.23581902796749157,0.12365098003232411,0.0565031957432518,0.5478284678729783,0.21532294886368936,0.010952278639454471,-0.16465538133961308,0.4497471165682998,9.04295057322719,,9.04295057322719,,ok,adjacent,completed_t
official_x_survey_net_distance,Official schedule x survey difficulty net of simple distance,any_rentin,farm_income,full_treatment_iv,2752,130,0.1175284524759953,0.06061324401238973,0.052502599089557345,0.2220509901008821,0.14601607012607618,0.12832765555914016,1.8399987056165679,0.5918598038103895,0.8369356833039414,0.8369356833039414,10.951356502705721,,ok,adjacent,completed_t
official_x_survey_net_distance,Official schedule x survey difficulty net of simple distance,asinh_rentin,farm_income,full_treatment_iv,2746,130,0.23581902796749157,0.12365098003232411,0.0565031957432518,0.43203899848561705,0.3521157714518271,0.2198301195773098,5.835896259697681,0.5434760855660139,0.8311390882706711,0.8311390882706711,10.953987769888688,,ok,adjacent,completed_t
official_x_survey_net_distance,Official schedule x survey difficulty net of simple distance,any_rentin,baseline_bundle,interaction_iv,2512,128,0.10788312833093058,0.0641862054373133,0.09280493443513693,0.2854946027559924,0.14382584520526515,0.04714423941249657,-0.1631861611366441,0.14700877700134507,10.030050127273503,,10.030050127273503,,ok,adjacent,completed_t
official_x_survey_net_distance,Official schedule x survey difficulty net of simple distance,asinh_rentin,baseline_bundle,interaction_iv,2506,128,0.23418469579980133,0.1314059815370709,0.07472536227374715,0.5821031405482491,0.24353218735153911,0.01683684547255404,-0.18000020131753935,0.4324902711835694,10.03110792998626,,10.03110792998626,,ok,adjacent,completed_t
official_x_survey_net_distance,Official schedule x survey difficulty net of simple distance,any_rentin,baseline_bundle,full_treatment_iv,2512,128,0.10788312833093058,0.0641862054373133,0.09280493443513693,0.294178976897152,0.18015535890095752,0.10248618719030045,1.5649527468772746,0.579523673381718,0.579000066579237,0.579000066579237,12.061735515965863,,ok,adjacent,completed_t
official_x_survey_net_distance,Official schedule x survey difficulty net of simple distance,asinh_rentin,baseline_bundle,full_treatment_iv,2506,128,0.23418469579980133,0.1314059815370709,0.07472536227374715,0.6071101369602216,0.3744192771310566,0.10491658599767262,5.39270258532116,0.5085369320544464,0.566337984064941,0.566337984064941,12.065132520762543,,ok,adjacent,completed_t
official_x_survey_cost,Official schedule x raw survey-cost index,any_rentin,farm_income,interaction_iv,2752,130,0.1175284524759953,0.06061324401238973,0.052502599089557345,0.07307321345797399,0.12282684563485982,0.5518911436461003,-0.15255729528500053,0.16090825747906656,6.55941818949257,,6.55941818949257,,ok,adjacent,completed_t
official_x_survey_cost,Official schedule x raw survey-cost index,asinh_rentin,farm_income,interaction_iv,2746,130,0.23581902796749157,0.12365098003232411,0.0565031957432518,0.18146416384215872,0.20585585526250952,0.37804140010898357,-0.16465538133961308,0.4497471165682998,6.56048259209453,,6.56048259209453,,ok,adjacent,completed_t
official_x_survey_cost,Official schedule x raw survey-cost index,any_rentin,farm_income,full_treatment_iv,2752,130,0.1175284524759953,0.06061324401238973,0.052502599089557345,-0.3584057546586585,4.198851953128447,0.931976754064423,11.411561921067454,0.9199151785596442,0.7441313060787773,0.7441313060787773,7.782487208370197,,ok,adjacent,completed_t
official_x_survey_cost,Official schedule x raw survey-cost index,asinh_rentin,farm_income,full_treatment_iv,2746,130,0.23581902796749157,0.12365098003232411,0.0565031957432518,0.27511538026644616,1.0957352496458228,0.8017535469441388,-2.69891128197865,0.926023719400028,0.7314098379392835,0.7314098379392835,7.783087955352074,,ok,adjacent,completed_t
official_x_survey_cost,Official schedule x raw survey-cost index,any_rentin,baseline_bundle,interaction_iv,2512,128,0.10788312833093058,0.0641862054373133,0.09280493443513693,0.24815317574560916,0.1675406947616287,0.13856616815413414,-0.1631861611366441,0.14700877700134507,7.387516515753396,,7.387516515753396,,ok,adjacent,completed_t
official_x_survey_cost,Official schedule x raw survey-cost index,asinh_rentin,baseline_bundle,interaction_iv,2506,128,0.23418469579980133,0.1314059815370709,0.07472536227374715,0.36816139568739104,0.24827280043313196,0.13810348605518064,-0.18000020131753935,0.4324902711835694,7.388142972462107,,7.388142972462107,,ok,adjacent,completed_t
official_x_survey_cost,Official schedule x raw survey-cost index,any_rentin,baseline_bundle,full_treatment_iv,2512,128,0.10788312833093058,0.0641862054373133,0.09280493443513693,0.3998172000181093,1.0748735499450983,0.709917620147968,-15.765214042187722,0.8427716929430784,0.0765581290719152,0.0765581290719152,8.655738415957732,,ok,adjacent,completed_t
official_x_survey_cost,Official schedule x raw survey-cost index,asinh_rentin,baseline_bundle,full_treatment_iv,2506,128,0.23418469579980133,0.1314059815370709,0.07472536227374715,0.45553856528959713,0.6916398529974739,0.5101298562541723,-9.495757194274574,0.8718842092865637,0.0634718917896361,0.0634718917896361,8.656962234304677,,ok,adjacent,completed_t
official_x_geo_area_rugged,Official schedule x terrain-area survey difficulty,any_rentin,farm_income,interaction_iv,2752,130,0.1175284524759953,0.06061324401238973,0.052502599089557345,0.18593963173795894,0.11001315557205578,0.0909977020232382,-0.15255729528500053,0.16090825747906656,8.73273308193743,,8.73273308193743,,ok,adjacent,high_sat80_t
official_x_geo_area_rugged,Official schedule x terrain-area survey difficulty,asinh_rentin,farm_income,interaction_iv,2746,130,0.23581902796749157,0.12365098003232411,0.0565031957432518,0.40134679905271997,0.18855789179139837,0.03329506735545751,-0.16465538133961308,0.4497471165682998,8.734123590708398,,8.734123590708398,,ok,adjacent,high_sat80_t
official_x_geo_area_rugged,Official schedule x terrain-area survey difficulty,any_rentin,farm_income,full_treatment_iv,2752,130,0.1175284524759953,0.06061324401238973,0.052502599089557345,0.11268419640780604,0.21803579300947,0.60528521816072,2.7868755704666484,0.6799932876915462,0.6523899455428386,0.6523899455428386,11.09743671003389,,ok,adjacent,high_sat80_t
official_x_geo_area_rugged,Official schedule x terrain-area survey difficulty,asinh_rentin,farm_income,full_treatment_iv,2746,130,0.23581902796749157,0.12365098003232411,0.0565031957432518,0.27692938569040804,0.3763960384804354,0.4618893228573515,4.8065983192351505,0.6696002461568797,0.6556629079708053,0.6556629079708053,11.09893498518046,,ok,adjacent,high_sat80_t
official_x_geo_area_rugged,Official schedule x terrain-area survey difficulty,any_rentin,baseline_bundle,interaction_iv,2512,128,0.10788312833093058,0.0641862054373133,0.09280493443513693,0.27498417693905153,0.1518138148578961,0.07009053890978367,-0.1631861611366441,0.14700877700134507,9.884336595031316,,9.884336595031316,,ok,adjacent,high_sat80_t
official_x_geo_area_rugged,Official schedule x terrain-area survey difficulty,asinh_rentin,baseline_bundle,interaction_iv,2506,128,0.23418469579980133,0.1314059815370709,0.07472536227374715,0.5014574187778924,0.23688654196363357,0.034271095739811575,-0.18000020131753935,0.4324902711835694,9.885603374098574,,9.885603374098574,,ok,adjacent,high_sat80_t
official_x_geo_area_rugged,Official schedule x terrain-area survey difficulty,any_rentin,baseline_bundle,full_treatment_iv,2512,128,0.10788312833093058,0.0641862054373133,0.09280493443513693,0.27957620800089256,0.29572640894272784,0.344460809555005,4.527111670426315,0.6747866494000667,0.21696342278339747,0.21696342278339747,12.485576747682554,,ok,adjacent,high_sat80_t
official_x_geo_area_rugged,Official schedule x terrain-area survey difficulty,asinh_rentin,baseline_bundle,full_treatment_iv,2506,128,0.23418469579980133,0.1314059815370709,0.07472536227374715,0.5072235570206024,0.4701846034850174,0.2806878890622988,7.489362211470393,0.6651990455263173,0.22493156149006752,0.22493156149006752,12.487429999418524,,ok,adjacent,high_sat80_t
official_x_survey_net_distance,Official schedule x survey difficulty net of simple distance,any_rentin,farm_income,interaction_iv,2752,130,0.1175284524759953,0.06061324401238973,0.052502599089557345,0.25980271686831896,0.1181517406715186,0.02788572327929839,-0.15255729528500053,0.16090825747906656,9.042047031836331,,9.042047031836331,,ok,adjacent,high_sat80_t
official_x_survey_net_distance,Official schedule x survey difficulty net of simple distance,asinh_rentin,farm_income,interaction_iv,2746,130,0.23581902796749157,0.12365098003232411,0.0565031957432518,0.5478284678729783,0.21532294886368936,0.010952278639454471,-0.16465538133961308,0.4497471165682998,9.04295057322719,,9.04295057322719,,ok,adjacent,high_sat80_t
official_x_survey_net_distance,Official schedule x survey difficulty net of simple distance,any_rentin,farm_income,full_treatment_iv,2752,130,0.1175284524759953,0.06061324401238973,0.052502599089557345,0.2220509901008821,0.14601607012607618,0.12832765555914016,1.8399987056165679,0.5918598038103895,0.8369356833039414,0.8369356833039414,10.951356502705721,,ok,adjacent,high_sat80_t
official_x_survey_net_distance,Official schedule x survey difficulty net of simple distance,asinh_rentin,farm_income,full_treatment_iv,2746,130,0.23581902796749157,0.12365098003232411,0.0565031957432518,0.43203899848561705,0.3521157714518271,0.2198301195773098,5.835896259697681,0.5434760855660139,0.8311390882706711,0.8311390882706711,10.953987769888688,,ok,adjacent,high_sat80_t
official_x_survey_net_distance,Official schedule x survey difficulty net of simple distance,any_rentin,baseline_bundle,interaction_iv,2512,128,0.10788312833093058,0.0641862054373133,0.09280493443513693,0.2854946027559924,0.14382584520526515,0.04714423941249657,-0.1631861611366441,0.14700877700134507,10.030050127273503,,10.030050127273503,,ok,adjacent,high_sat80_t
official_x_survey_net_distance,Official schedule x survey difficulty net of simple distance,asinh_rentin,baseline_bundle,interaction_iv,2506,128,0.23418469579980133,0.1314059815370709,0.07472536227374715,0.5821031405482491,0.24353218735153911,0.01683684547255404,-0.18000020131753935,0.4324902711835694,10.03110792998626,,10.03110792998626,,ok,adjacent,high_sat80_t
official_x_survey_net_distance,Official schedule x survey difficulty net of simple distance,any_rentin,baseline_bundle,full_treatment_iv,2512,128,0.10788312833093058,0.0641862054373133,0.09280493443513693,0.294178976897152,0.18015535890095752,0.10248618719030045,1.5649527468772746,0.579523673381718,0.579000066579237,0.579000066579237,12.061735515965863,,ok,adjacent,high_sat80_t
official_x_survey_net_distance,Official schedule x survey difficulty net of simple distance,asinh_rentin,baseline_bundle,full_treatment_iv,2506,128,0.23418469579980133,0.1314059815370709,0.07472536227374715,0.6071101369602216,0.3744192771310566,0.10491658599767262,5.39270258532116,0.5085369320544464,0.566337984064941,0.566337984064941,12.065132520762543,,ok,adjacent,high_sat80_t
official_x_survey_cost,Official schedule x raw survey-cost index,any_rentin,farm_income,interaction_iv,2752,130,0.1175284524759953,0.06061324401238973,0.052502599089557345,0.07307321345797399,0.12282684563485982,0.5518911436461003,-0.15255729528500053,0.16090825747906656,6.55941818949257,,6.55941818949257,,ok,adjacent,high_sat80_t
official_x_survey_cost,Official schedule x raw survey-cost index,asinh_rentin,farm_income,interaction_iv,2746,130,0.23581902796749157,0.12365098003232411,0.0565031957432518,0.18146416384215872,0.20585585526250952,0.37804140010898357,-0.16465538133961308,0.4497471165682998,6.56048259209453,,6.56048259209453,,ok,adjacent,high_sat80_t
official_x_survey_cost,Official schedule x raw survey-cost index,any_rentin,farm_income,full_treatment_iv,2752,130,0.1175284524759953,0.06061324401238973,0.052502599089557345,-0.3584057546586585,4.198851953128447,0.931976754064423,11.411561921067454,0.9199151785596442,0.7441313060787773,0.7441313060787773,7.782487208370197,,ok,adjacent,high_sat80_t
official_x_survey_cost,Official schedule x raw survey-cost index,asinh_rentin,farm_income,full_treatment_iv,2746,130,0.23581902796749157,0.12365098003232411,0.0565031957432518,0.27511538026644616,1.0957352496458228,0.8017535469441388,-2.69891128197865,0.926023719400028,0.7314098379392835,0.7314098379392835,7.783087955352074,,ok,adjacent,high_sat80_t
official_x_survey_cost,Official schedule x raw survey-cost index,any_rentin,baseline_bundle,interaction_iv,2512,128,0.10788312833093058,0.0641862054373133,0.09280493443513693,0.24815317574560916,0.1675406947616287,0.13856616815413414,-0.1631861611366441,0.14700877700134507,7.387516515753396,,7.387516515753396,,ok,adjacent,high_sat80_t
official_x_survey_cost,Official schedule x raw survey-cost index,asinh_rentin,baseline_bundle,interaction_iv,2506,128,0.23418469579980133,0.1314059815370709,0.07472536227374715,0.36816139568739104,0.24827280043313196,0.13810348605518064,-0.18000020131753935,0.4324902711835694,7.388142972462107,,7.388142972462107,,ok,adjacent,high_sat80_t
official_x_survey_cost,Official schedule x raw survey-cost index,any_rentin,baseline_bundle,full_treatment_iv,2512,128,0.10788312833093058,0.0641862054373133,0.09280493443513693,0.3998172000181093,1.0748735499450983,0.709917620147968,-15.765214042187722,0.8427716929430784,0.0765581290719152,0.0765581290719152,8.655738415957732,,ok,adjacent,high_sat80_t
official_x_survey_cost,Official schedule x raw survey-cost index,asinh_rentin,baseline_bundle,full_treatment_iv,2506,128,0.23418469579980133,0.1314059815370709,0.07472536227374715,0.45553856528959713,0.6916398529974739,0.5101298562541723,-9.495757194274574,0.8718842092865637,0.0634718917896361,0.0634718917896361,8.656962234304677,,ok,adjacent,high_sat80_t
