scope,anchor,outcome,outcome_label,family,modifier,modifier_label,modifier_type,paper_role,subset,fe,controls,term,b,se,p,N,clusters,mean_y,status,abs_t,expected,direction_ok
adjacent,completed_t,rentin_and_farm_any,Rent-in and own-farm production,rent-in,bottom_farmdep,Bottom tercile baseline farm-dependence,binary_bottom,exit-side low farm-dependence check,all,provyear,none,bottom group DID,-0.27782085025960357,0.08830277491403665,0.001653898193213745,2732,133,0.1099450884685784,ok,3.146230121647525,-1.0,1.0
adjacent,completed_t,any_rentin,Any rented-in land,rent-in,bottom_farmdep,Bottom tercile baseline farm-dependence,binary_bottom,exit-side low farm-dependence check,all,provyear,none,bottom group DID,-0.2674175449989169,0.09632389548588036,0.00549928394347722,2734,133,0.1260217152616811,ok,2.7762326642833535,-1.0,1.0
adjacent,completed_t,asinh_rentin,asinh rented-in area,rent-in,bottom_farmdep,Bottom tercile baseline farm-dependence,binary_bottom,exit-side low farm-dependence check,all,provyear,none,bottom group DID,-0.3941583165062097,0.15854459780407154,0.012915031342918933,2728,133,0.26419062794158865,ok,2.4861037333691316,-1.0,1.0
adjacent,completed_t,rentin_and_farm_any,Rent-in and own-farm production,rent-in,farm_orientation_top_tercile,Top tercile pre-specified farm-orientation index,binary_top,pre-specified index top-third split,all,stackyear,none,top-minus-rest differential,0.13265616734427302,0.05729472225884752,0.020594900104265037,2820,136,0.1099450884685784,ok,2.3153296170100224,1.0,1.0
adjacent,completed_t,any_rentin,Any rented-in land,rent-in,farm_orientation_top_tercile,Top tercile pre-specified farm-orientation index,binary_top,pre-specified index top-third split,all,stackyear,none,top-minus-rest differential,0.14134639121547143,0.06562414315419549,0.031249749031464054,2822,136,0.1260217152616811,ok,2.1538778934355483,1.0,1.0
adjacent,completed_t,asinh_rentin,asinh rented-in area,rent-in,bottom_farmdep,Bottom tercile baseline farm-dependence,binary_bottom,exit-side low farm-dependence check,all,stackyear,none,bottom-minus-rest differential,-0.3820517392282122,0.1789044069152116,0.032719561585088854,2734,135,0.26419062794158865,ok,2.1355077038950667,-1.0,1.0
adjacent,completed_t,asinh_rentin,asinh rented-in area,rent-in,farmdep_top_vs_bottom,Top versus bottom tercile baseline farm-dependence,binary_top_bottom,clean top-minus-bottom contrast,top_bottom_farmdep,stackyear,none,top-minus-bottom differential,0.37078731592022224,0.1836232753819625,0.04345783780380303,1852,129,0.28184885014866345,ok,2.019282768749942,1.0,1.0
adjacent,completed_t,asinh_rentin,asinh rented-in area,rent-in,bottom_farmdep,Bottom tercile baseline farm-dependence,binary_bottom,exit-side low farm-dependence check,all,stackyear,none,bottom group DID,-0.35119753621704414,0.17665037652773982,0.04680130576345685,2734,135,0.26419062794158865,ok,1.988093901186193,-1.0,1.0
adjacent,completed_t,asinh_rentin,asinh rented-in area,rent-in,bottom_farmdep,Bottom tercile baseline farm-dependence,binary_bottom,exit-side low farm-dependence check,all,provyear,none,bottom-minus-rest differential,-0.32685579754507865,0.1645890234975628,0.04704547074022075,2728,133,0.26419062794158865,ok,1.9858906177295514,-1.0,1.0
adjacent,completed_t,rentin_mu,Rented-in area (mu),rent-in,bottom_farmdep,Bottom tercile baseline farm-dependence,binary_bottom,exit-side low farm-dependence check,all,provyear,none,bottom group DID,-0.7608881475252274,0.3900723301238215,0.051100661321724875,2728,133,1.0745384521335126,ok,1.9506334819588385,-1.0,1.0
adjacent,completed_t,asinh_rentin,asinh rented-in area,rent-in,farmdep_ordered_tercile,Ordered tercile score of baseline farm-dependence,continuous,ordered farm-dependence gradient,all,stackyear,none,heterogeneity slope,0.14012318929363798,0.07329017338683617,0.055889534929516003,2734,135,0.26419062794158865,ok,1.911895999400185,1.0,1.0
adjacent,completed_t,any_rentin,Any rented-in land,rent-in,bottom_farmdep,Bottom tercile baseline farm-dependence,binary_bottom,exit-side low farm-dependence check,all,stackyear,none,bottom-minus-rest differential,-0.2053722832497118,0.10771320234426285,0.0565648358144528,2740,135,0.1260217152616811,ok,1.906658411225396,-1.0,1.0
adjacent,completed_t,asinh_rentin,asinh rented-in area,rent-in,farm_orientation_top_tercile,Top tercile pre-specified farm-orientation index,binary_top,pre-specified index top-third split,all,stackyear,none,top-minus-rest differential,0.23222523962226405,0.12473901121940466,0.06264694613184009,2816,136,0.26419062794158865,ok,1.8616889564227892,1.0,1.0
adjacent,completed_t,rentin_and_farm_any,Rent-in and own-farm production,rent-in,farmdep_ordered_tercile,Ordered tercile score of baseline farm-dependence,continuous,ordered farm-dependence gradient,all,stackyear,none,heterogeneity slope,0.07932116815741046,0.04284103691177097,0.06409433904952179,2738,135,0.1099450884685784,ok,1.8515230693591413,1.0,1.0
adjacent,completed_t,rentin_and_farm_any,Rent-in and own-farm production,rent-in,farmdep_top_vs_bottom,Top versus bottom tercile baseline farm-dependence,binary_top_bottom,clean top-minus-bottom contrast,top_bottom_farmdep,stackyear,none,top-minus-bottom differential,0.2010244192766759,0.10942158157899239,0.06618699837055612,1854,129,0.12372122762148338,ok,1.837155124024182,1.0,1.0
adjacent,completed_t,rentin_and_farm_any,Rent-in and own-farm production,rent-in,bottom_farmdep,Bottom tercile baseline farm-dependence,binary_bottom,exit-side low farm-dependence check,all,stackyear,none,bottom group DID,-0.19063242243144396,0.10390118212640001,0.0665431274434797,2738,135,0.1099450884685784,ok,1.834747387181138,-1.0,1.0
adjacent,completed_t,any_rentin,Any rented-in land,rent-in,farmdep_top_vs_bottom,Top versus bottom tercile baseline farm-dependence,binary_top_bottom,clean top-minus-bottom contrast,top_bottom_farmdep,stackyear,none,top-minus-bottom differential,0.19967104851745124,0.10992134929843059,0.06929521721364112,1854,129,0.13966123362096516,ok,1.816490152202872,1.0,1.0
adjacent,completed_t,rentin_and_farm_any,Rent-in and own-farm production,rent-in,bottom_farmdep,Bottom tercile baseline farm-dependence,binary_bottom,exit-side low farm-dependence check,all,stackyear,none,bottom-minus-rest differential,-0.19210328772519245,0.10633293696711567,0.07082143573827096,2738,135,0.1099450884685784,ok,1.8066207254728792,-1.0,1.0
adjacent,completed_t,any_rentin,Any rented-in land,rent-in,bottom_farmdep,Bottom tercile baseline farm-dependence,binary_bottom,exit-side low farm-dependence check,all,stackyear,none,bottom group DID,-0.18684889772934957,0.10571113733107124,0.0771374658232894,2740,135,0.1260217152616811,ok,1.7675422140636627,-1.0,1.0
adjacent,completed_t,rentin_and_farm_any,Rent-in and own-farm production,rent-in,farmdep_continuous,"Baseline farm-dependence, continuous winsorized z",continuous,continuous farm-dependence interaction,all,stackyear,none,heterogeneity slope,0.05827909218327078,0.03313830883875585,0.07863489596623381,2738,135,0.1099450884685784,ok,1.7586622318853016,1.0,1.0
adjacent,completed_t,any_rentin,Any rented-in land,rent-in,farmdep_ordered_tercile,Ordered tercile score of baseline farm-dependence,continuous,ordered farm-dependence gradient,all,stackyear,none,heterogeneity slope,0.0755831279252418,0.043613858770798514,0.08309440270496109,2740,135,0.1260217152616811,ok,1.7330071233194386,1.0,1.0
adjacent,completed_t,asinh_rentin,asinh rented-in area,rent-in,farm_orientation_continuous,"Pre-specified farm-orientation index, continuous z",continuous,pre-specified index interaction,all,stackyear,none,heterogeneity slope,0.18364939619914877,0.10733570559229073,0.08708454583855292,2816,136,0.26419062794158865,ok,1.7109814034924384,1.0,1.0
adjacent,completed_t,any_rentin,Any rented-in land,rent-in,bottom_farmdep,Bottom tercile baseline farm-dependence,binary_bottom,exit-side low farm-dependence check,all,provyear,none,bottom-minus-rest differential,-0.16696039597209147,0.0986446764138203,0.09054241251012878,2734,133,0.1260217152616811,ok,1.6925433996223238,-1.0,1.0
adjacent,completed_t,rentin_mu,Rented-in area (mu),rent-in,bottom_farmdep,Bottom tercile baseline farm-dependence,binary_bottom,exit-side low farm-dependence check,all,stackyear,none,bottom group DID,-1.0363491737689456,0.6255741075807858,0.09759289975750166,2734,135,1.0745384521335126,ok,1.656636937511217,-1.0,1.0
adjacent,completed_t,rentin_mu,Rented-in area (mu),rent-in,farm_orientation_continuous,"Pre-specified farm-orientation index, continuous z",continuous,pre-specified index interaction,all,provyear,none,heterogeneity slope,5.9075839304248055,3.653068769830417,0.10584450201434686,2810,134,1.0745384521335126,ok,1.6171565066646822,1.0,1.0
adjacent,completed_t,rentin_and_farm_any,Rent-in and own-farm production,rent-in,farm_orientation_top_tercile,Top tercile pre-specified farm-orientation index,binary_top,pre-specified index top-third split,all,provyear,none,top-minus-rest differential,0.08322434910574772,0.05369975699997545,0.12118744487562957,2814,134,0.1099450884685784,ok,1.5498086724263158,1.0,1.0
adjacent,completed_t,rentin_and_farm_any,Rent-in and own-farm production,rent-in,bottom_farmdep,Bottom tercile baseline farm-dependence,binary_bottom,exit-side low farm-dependence check,all,provyear,none,bottom-minus-rest differential,-0.14440029625836637,0.09418180800055709,0.1252246274250495,2732,133,0.1099450884685784,ok,1.5332079445481896,-1.0,1.0
adjacent,completed_t,rentin_and_farm_any,Rent-in and own-farm production,rent-in,farm_orientation_continuous,"Pre-specified farm-orientation index, continuous z",continuous,pre-specified index interaction,all,stackyear,none,heterogeneity slope,0.07321263444407562,0.04811832603337193,0.1281312773812777,2820,136,0.1099450884685784,ok,1.5215124980303723,1.0,1.0
adjacent,completed_t,any_rentin,Any rented-in land,rent-in,farm_orientation_top_tercile,Top tercile pre-specified farm-orientation index,binary_top,pre-specified index top-third split,all,provyear,none,top-minus-rest differential,0.09573317108000373,0.06294318320112753,0.1282734354360208,2816,134,0.1260217152616811,ok,1.5209458151186865,1.0,1.0
adjacent,completed_t,asinh_rentin,asinh rented-in area,rent-in,farm_orientation_continuous,"Pre-specified farm-orientation index, continuous z",continuous,pre-specified index interaction,all,provyear,none,heterogeneity slope,0.13207309596110853,0.08819405443630111,0.13425583705913285,2810,134,0.26419062794158865,ok,1.4975283402635653,1.0,1.0
adjacent,completed_t,ib_nonfarm_curr_n,Current nonfarm workers,nonfarm,farmdep_top_vs_bottom,Top versus bottom tercile baseline farm-dependence,binary_top_bottom,clean top-minus-bottom contrast,top_bottom_farmdep,stackyear,none,top-minus-bottom differential,-0.31839884138021324,0.16636620758613943,0.05564018895206318,1944,131,0.594108527131783,ok,1.91384323775822,-1.0,1.0
adjacent,completed_t,ib_nonfarm_curr_n,Current nonfarm workers,nonfarm,farmdep_ordered_tercile,Ordered tercile score of baseline farm-dependence,continuous,ordered farm-dependence gradient,all,stackyear,none,heterogeneity slope,-0.11189884583889187,0.06717833483779564,0.09577349791242686,2884,137,0.5472235405790223,ok,1.6656984146611464,-1.0,1.0
adjacent,completed_t,ib_nonfarm_curr_n,Current nonfarm workers,nonfarm,bottom_farmdep,Bottom tercile baseline farm-dependence,binary_bottom,exit-side low farm-dependence check,all,stackyear,none,bottom-minus-rest differential,0.3059263266077731,0.1967359537750972,0.11994374688689625,2884,137,0.5472235405790223,ok,1.5550097515856158,1.0,1.0
adjacent,completed_t,ib_nonfarm_curr_ge2,At least two current nonfarm workers,nonfarm,bottom_farmdep,Bottom tercile baseline farm-dependence,binary_bottom,exit-side low farm-dependence check,all,stackyear,none,bottom-minus-rest differential,0.10921892035255465,0.08912481489093105,0.22040184792909145,2884,137,0.12482202183198861,ok,1.225460277098071,1.0,1.0
adjacent,completed_t,ib_nonfarm_curr_n,Current nonfarm workers,nonfarm,farmdep_top_tercile,Top tercile baseline farm-dependence,binary_top,top-third split,all,stackyear,none,top-minus-rest differential,-0.13261998572897565,0.14103289374266115,0.34703913615906123,2884,137,0.5472235405790223,ok,0.9403479018941758,-1.0,1.0
adjacent,completed_t,ib_nonfarm_curr_ge2,At least two current nonfarm workers,nonfarm,farmdep_top_vs_bottom,Top versus bottom tercile baseline farm-dependence,binary_top_bottom,clean top-minus-bottom contrast,top_bottom_farmdep,stackyear,none,top-minus-bottom differential,-0.06552339652450336,0.07334119635703812,0.3716402895840961,1944,131,0.14821705426356588,ok,0.8934050680810235,-1.0,1.0
adjacent,completed_t,nonfarm_ge2_no_rentin,>=2 nonfarm workers without rent-in,nonfarm,farmdep_continuous,"Baseline farm-dependence, continuous winsorized z",continuous,continuous farm-dependence interaction,all,stackyear,none,heterogeneity slope,-0.01907522767358906,0.02168977118939395,0.3791533738649222,2740,135,0.11504208856898865,ok,0.8794573030312385,-1.0,1.0
adjacent,completed_t,nonfarm_ge2_no_rentin,>=2 nonfarm workers without rent-in,nonfarm,bottom_farmdep,Bottom tercile baseline farm-dependence,binary_bottom,exit-side low farm-dependence check,all,stackyear,none,bottom-minus-rest differential,0.05053328116535782,0.06422390975709276,0.431381551028894,2740,135,0.11504208856898865,ok,0.7868297236416227,1.0,1.0
adjacent,completed_t,nonfarm_ge2_no_rentin,>=2 nonfarm workers without rent-in,nonfarm,farmdep_top_vs_bottom,Top versus bottom tercile baseline farm-dependence,binary_top_bottom,clean top-minus-bottom contrast,top_bottom_farmdep,stackyear,none,top-minus-bottom differential,-0.044142611616198764,0.0650088012592402,0.4971219208886255,1854,129,0.13902205177372962,ok,0.6790251590729715,-1.0,1.0
adjacent,completed_t,ib_nonfarm_curr_n,Current nonfarm workers,nonfarm,farmdep_continuous,"Baseline farm-dependence, continuous winsorized z",continuous,continuous farm-dependence interaction,all,stackyear,none,heterogeneity slope,-0.048364198096365316,0.07223891087401191,0.5031743979743419,2884,137,0.5472235405790223,ok,0.6695034228951039,-1.0,1.0
adjacent,completed_t,nonfarm_ge2_no_rentin,>=2 nonfarm workers without rent-in,nonfarm,nonfarm_orientation_top,Top tercile baseline nonfarm orientation,binary_top,exit-side nonfarm orientation check,all,stackyear,none,top-minus-rest differential,0.034829761970710804,0.056410890266462926,0.536951303097864,2824,136,0.11504208856898865,ok,0.6174297517055424,1.0,1.0
adjacent,completed_t,ib_nonfarm_curr_shr,Current nonfarm worker share,nonfarm,farmdep_top_tercile,Top tercile baseline farm-dependence,binary_top,top-third split,all,stackyear,none,top-minus-rest differential,-0.03474551760779548,0.061139615145523594,0.5698326745890734,2766,137,0.33371413420972895,ok,0.5682979443867077,-1.0,1.0
adjacent,completed_t,nonfarm_ge2_no_rentin,>=2 nonfarm workers without rent-in,nonfarm,farmdep_ordered_tercile,Ordered tercile score of baseline farm-dependence,continuous,ordered farm-dependence gradient,all,stackyear,none,heterogeneity slope,-0.01438684709471715,0.025770987272197957,0.5766685573086108,2740,135,0.11504208856898865,ok,0.5582575065037516,-1.0,1.0
adjacent,completed_t,ib_nonfarm_curr_shr,Current nonfarm worker share,nonfarm,farmdep_ordered_tercile,Ordered tercile score of baseline farm-dependence,continuous,ordered farm-dependence gradient,all,stackyear,none,heterogeneity slope,-0.01650920773869006,0.03833653666623516,0.6667308805129535,2766,137,0.33371413420972895,ok,0.430638998050925,-1.0,1.0
adjacent,completed_t,ib_nonfarm_curr_shr,Current nonfarm worker share,nonfarm,farmdep_top_vs_bottom,Top versus bottom tercile baseline farm-dependence,binary_top_bottom,clean top-minus-bottom contrast,top_bottom_farmdep,stackyear,none,top-minus-bottom differential,-0.04371428740823077,0.10219165911446093,0.6688202806210001,1854,131,0.3413151495929802,ok,0.4277676650622541,-1.0,1.0
adjacent,completed_t,ib_nonfarm_curr_n,Current nonfarm workers,nonfarm,bottom_farmdep,Bottom tercile baseline farm-dependence,binary_bottom,exit-side low farm-dependence check,all,provyear,none,bottom-minus-rest differential,0.08378528864618655,0.20622950502229523,0.6845427022446232,2880,136,0.5472235405790223,ok,0.4062720736158903,1.0,1.0
adjacent,completed_t,ib_nonfarm_curr_ge2,At least two current nonfarm workers,nonfarm,farmdep_ordered_tercile,Ordered tercile score of baseline farm-dependence,continuous,ordered farm-dependence gradient,all,stackyear,none,heterogeneity slope,-0.01178014932916536,0.03007481932693227,0.6952837575220554,2884,137,0.12482202183198861,ok,0.3916947663461483,-1.0,1.0
adjacent,completed_t,ib_nonfarm_curr_n,Current nonfarm workers,nonfarm,farmdep_top_vs_bottom,Top versus bottom tercile baseline farm-dependence,binary_top_bottom,clean top-minus-bottom contrast,top_bottom_farmdep,provyear,none,top-minus-bottom differential,-0.0563980367644005,0.14595455220328704,0.6991943732203367,1940,130,0.594108527131783,ok,0.3864082066165961,-1.0,1.0
adjacent,completed_t,nonfarm_ge2_no_rentin,>=2 nonfarm workers without rent-in,nonfarm,nonfarm_orientation_top,Top tercile baseline nonfarm orientation,binary_top,exit-side nonfarm orientation check,all,provyear,none,top-minus-rest differential,0.022168229643424034,0.0579279633713585,0.7019524802115031,2818,134,0.11504208856898865,ok,0.3826861562749976,1.0,1.0
adjacent,completed_t,rb_nonfarm_any,Any broad nonfarm work,nonfarm,nonfarm_orientation_top,Top tercile baseline nonfarm orientation,binary_top,exit-side nonfarm orientation check,all,provyear,none,top-minus-rest differential,0.015100292313822032,0.04975167955596319,0.76149877651675,2968,137,0.794969150450878,ok,0.30351321701283396,1.0,1.0
adjacent,completed_t,ib_nonfarm_curr_shr,Current nonfarm worker share,nonfarm,bottom_farmdep,Bottom tercile baseline farm-dependence,binary_bottom,exit-side low farm-dependence check,all,stackyear,none,bottom-minus-rest differential,0.030290052887710684,0.10764930764513224,0.7784211598815485,2766,137,0.33371413420972895,ok,0.2813771268047757,1.0,1.0
adjacent,completed_t,ib_nonfarm_curr_shr,Current nonfarm worker share,nonfarm,farmdep_top_tercile,Top tercile baseline farm-dependence,binary_top,top-third split,all,provyear,none,top-minus-rest differential,-0.01920301170046801,0.07210360216610469,0.789988708898373,2762,136,0.33371413420972895,ok,0.26632527534796574,-1.0,1.0
adjacent,completed_t,rb_nonfarm_n,Broad nonfarm workers,nonfarm,bottom_farmdep,Bottom tercile baseline farm-dependence,binary_bottom,exit-side low farm-dependence check,all,provyear,none,bottom-minus-rest differential,0.04372665706898177,0.17351338343717368,0.8010353420137394,2880,136,1.8082581869957286,ok,0.2520074025575927,1.0,1.0
adjacent,completed_t,rb_nonfarm_any,Any broad nonfarm work,nonfarm,farmdep_top_vs_bottom,Top versus bottom tercile baseline farm-dependence,binary_top_bottom,clean top-minus-bottom contrast,top_bottom_farmdep,provyear,none,top-minus-bottom differential,-0.013907614280127273,0.06004203285071695,0.816824392667783,1940,130,0.7888372093023256,ok,0.23163130260272666,-1.0,1.0
adjacent,completed_t,nonfarm_ge2_no_rentin,>=2 nonfarm workers without rent-in,nonfarm,farmdep_top_tercile,Top tercile baseline farm-dependence,binary_top,top-third split,all,stackyear,none,top-minus-rest differential,-0.009360545316823753,0.04244619390622562,0.8254604990384338,2740,135,0.11504208856898865,ok,0.22052731836224385,-1.0,1.0
adjacent,completed_t,ib_nonfarm_curr_ge2,At least two current nonfarm workers,nonfarm,bottom_farmdep,Bottom tercile baseline farm-dependence,binary_bottom,exit-side low farm-dependence check,all,provyear,none,bottom-minus-rest differential,0.017125127316507012,0.0870764911449971,0.8440876412881035,2880,136,0.12482202183198861,ok,0.19666763200173942,1.0,1.0
adjacent,completed_t,rb_nonfarm_n,Broad nonfarm workers,nonfarm,farmdep_top_vs_bottom,Top versus bottom tercile baseline farm-dependence,binary_top_bottom,clean top-minus-bottom contrast,top_bottom_farmdep,provyear,none,top-minus-bottom differential,-0.04248511969682674,0.24116246896111795,0.8601619277453357,1940,130,1.8446511627906976,ok,0.17616804090555446,-1.0,1.0
adjacent,completed_t,nonfarm_ge2_no_rentin,>=2 nonfarm workers without rent-in,nonfarm,farm_orientation_continuous,"Pre-specified farm-orientation index, continuous z",continuous,pre-specified index interaction,all,stackyear,none,heterogeneity slope,-0.005030076369995054,0.04381883254162801,0.9086095389822653,2822,136,0.11504208856898865,ok,0.11479256927295971,-1.0,1.0
adjacent,completed_t,ib_nonfarm_curr_shr,Current nonfarm worker share,nonfarm,farmdep_continuous,"Baseline farm-dependence, continuous winsorized z",continuous,continuous farm-dependence interaction,all,stackyear,none,heterogeneity slope,-0.0033274693324874707,0.03252374120500164,0.9185114632350952,2766,137,0.33371413420972895,ok,0.10230893523331068,-1.0,1.0
adjacent,completed_t,nonfarm_ge2_no_rentin,>=2 nonfarm workers without rent-in,nonfarm,bottom_farmdep,Bottom tercile baseline farm-dependence,binary_bottom,exit-side low farm-dependence check,all,provyear,none,bottom-minus-rest differential,0.008769645591812626,0.0869353859770097,0.9196493371246967,2734,133,0.11504208856898865,ok,0.10087544321861966,1.0,1.0
adjacent,completed_t,asinh_rb_inc_farm_w99,asinh farm income,farm-exit,bottom_farmdep,Bottom tercile baseline farm-dependence,binary_bottom,exit-side low farm-dependence check,all,stackyear,none,bottom-minus-rest differential,-2.2065429313403144,0.9795308974378408,0.024281054812345954,2850,137,6.3600797353934455,ok,2.252652710712821,-1.0,1.0
adjacent,completed_t,asinh_rb_farm_cost_w99,asinh farm cost,farm-exit,nonfarm_orientation_top,Top tercile baseline nonfarm orientation,binary_top,exit-side nonfarm orientation check,all,stackyear,none,top-minus-rest differential,-0.6461712468087487,0.3880606285879555,0.09588689856951792,1998,121,8.054264442624712,ok,1.665129619461747,-1.0,1.0
adjacent,completed_t,asinh_rb_inc_farm_w99,asinh farm income,farm-exit,farm_orientation_continuous,"Pre-specified farm-orientation index, continuous z",continuous,pre-specified index interaction,all,stackyear,none,heterogeneity slope,0.8950316344798084,0.5395990706915358,0.0971767615858545,2916,138,6.3600797353934455,ok,1.6586975091205396,1.0,1.0
adjacent,completed_t,asinh_rb_inc_farm_w99,asinh farm income,farm-exit,farm_orientation_continuous,"Pre-specified farm-orientation index, continuous z",continuous,pre-specified index interaction,all,provyear,none,heterogeneity slope,1.0082254499084213,0.6353478183128128,0.11253814827338461,2912,137,6.3600797353934455,ok,1.5868874037937164,1.0,1.0
adjacent,completed_t,asinh_rb_inc_farm_w99,asinh farm income,farm-exit,farmdep_top_vs_bottom,Top versus bottom tercile baseline farm-dependence,binary_top_bottom,clean top-minus-bottom contrast,top_bottom_farmdep,stackyear,none,top-minus-bottom differential,1.6127885599940388,1.0307778046694351,0.11766907961997297,1920,131,6.038519886517698,ok,1.5646326033487414,1.0,1.0
adjacent,completed_t,asinh_rb_farm_cost_w99,asinh farm cost,farm-exit,nonfarm_orientation_top,Top tercile baseline nonfarm orientation,binary_top,exit-side nonfarm orientation check,all,provyear,none,top-minus-rest differential,-0.520228829901555,0.3801085241747123,0.17111422058382242,1988,120,8.054264442624712,ok,1.368632368955867,-1.0,1.0
adjacent,completed_t,rb_farm_any,Any own-farm production,farm-exit,farmdep_top_vs_bottom,Top versus bottom tercile baseline farm-dependence,binary_top_bottom,clean top-minus-bottom contrast,top_bottom_farmdep,provyear,none,top-minus-bottom differential,0.21470309352213152,0.161102898426742,0.18262770403672401,1932,129,0.753343701399689,ok,1.3327078259846643,1.0,1.0
adjacent,completed_t,asinh_rb_inc_farm_w99,asinh farm income,farm-exit,farmdep_continuous,"Baseline farm-dependence, continuous winsorized z",continuous,continuous farm-dependence interaction,all,stackyear,none,heterogeneity slope,0.4585654243585429,0.4045274810598262,0.2569695604122666,2850,137,6.3600797353934455,ok,1.1335828734234372,1.0,1.0
adjacent,completed_t,rb_farm_any,Any own-farm production,farm-exit,farmdep_top_tercile,Top tercile baseline farm-dependence,binary_top,top-third split,all,provyear,none,top-minus-rest differential,0.08469832112282455,0.0749865382314455,0.25868119987773197,2866,135,0.7550898203592814,ok,1.1295136849950813,1.0,1.0
adjacent,completed_t,rb_farm_any,Any own-farm production,farm-exit,farm_orientation_top_tercile,Top tercile pre-specified farm-orientation index,binary_top,pre-specified index top-third split,all,stackyear,none,top-minus-rest differential,0.06426873618644907,0.05820395359970659,0.26950690662416676,2954,137,0.7550898203592814,ok,1.1041988080131562,1.0,1.0
adjacent,completed_t,asinh_rb_inc_farm_w99,asinh farm income,farm-exit,nonfarm_orientation_top,Top tercile baseline nonfarm orientation,binary_top,exit-side nonfarm orientation check,all,provyear,none,top-minus-rest differential,-0.6820977659657594,0.6470068805164648,0.2917750089718194,2912,137,6.3600797353934455,ok,1.054235722224907,-1.0,1.0
adjacent,completed_t,rb_farm_any,Any own-farm production,farm-exit,farmdep_top_tercile,Top tercile baseline farm-dependence,binary_top,top-third split,all,stackyear,none,top-minus-rest differential,0.06371927079081677,0.06206844734738234,0.30461035112995927,2870,136,0.7550898203592814,ok,1.0265968219600399,1.0,1.0
adjacent,completed_t,rb_farm_any,Any own-farm production,farm-exit,farm_orientation_top_tercile,Top tercile pre-specified farm-orientation index,binary_top,pre-specified index top-third split,all,provyear,none,top-minus-rest differential,0.058912089314824,0.05886761442671065,0.31694502487993637,2950,136,0.7550898203592814,ok,1.000755506886876,1.0,1.0
adjacent,completed_t,asinh_rb_farm_cost_w99,asinh farm cost,farm-exit,farm_orientation_continuous,"Pre-specified farm-orientation index, continuous z",continuous,pre-specified index interaction,all,provyear,none,heterogeneity slope,0.22990068744148157,0.2355483280439962,0.3290528528557405,1988,120,8.054264442624712,ok,0.9760234315844528,1.0,1.0
adjacent,completed_t,asinh_rb_inc_farm_w99,asinh farm income,farm-exit,farmdep_top_tercile,Top tercile baseline farm-dependence,binary_top,top-third split,all,stackyear,none,top-minus-rest differential,0.7195949012162576,0.759885400053896,0.34364989237170873,2850,137,6.3600797353934455,ok,0.9469781906129782,1.0,1.0
adjacent,completed_t,asinh_rb_inc_farm_w99,asinh farm income,farm-exit,nonfarm_orientation_top,Top tercile baseline nonfarm orientation,binary_top,exit-side nonfarm orientation check,all,stackyear,none,top-minus-rest differential,-0.530077023326159,0.6164836692574556,0.38987751008908733,2916,138,6.3600797353934455,ok,0.8598395217259008,-1.0,1.0
adjacent,completed_t,asinh_rb_inc_farm_w99,asinh farm income,farm-exit,bottom_farmdep,Bottom tercile baseline farm-dependence,binary_bottom,exit-side low farm-dependence check,all,provyear,none,bottom-minus-rest differential,-1.3175026920070494,1.638155323350322,0.421246871765648,2846,136,6.3600797353934455,ok,0.8042599338581152,-1.0,1.0
adjacent,completed_t,asinh_rb_inc_farm_w99,asinh farm income,farm-exit,farm_orientation_top_tercile,Top tercile pre-specified farm-orientation index,binary_top,pre-specified index top-third split,all,stackyear,none,top-minus-rest differential,0.6188353661944143,0.77872810314706,0.42680286920826793,2916,138,6.3600797353934455,ok,0.7946745002440851,1.0,1.0
adjacent,completed_t,rb_farm_any,Any own-farm production,farm-exit,farmdep_continuous,"Baseline farm-dependence, continuous winsorized z",continuous,continuous farm-dependence interaction,all,provyear,none,heterogeneity slope,0.027692698414602174,0.03588315681713119,0.4402646214744542,2866,135,0.7550898203592814,ok,0.7717464367956958,1.0,1.0
adjacent,completed_t,asinh_rb_inc_farm_w99,asinh farm income,farm-exit,farm_orientation_top_tercile,Top tercile pre-specified farm-orientation index,binary_top,pre-specified index top-third split,all,provyear,none,top-minus-rest differential,0.695802453554774,0.9039428989093029,0.44145318794558874,2912,137,6.3600797353934455,ok,0.7697416002651594,1.0,1.0
adjacent,completed_t,rb_farm_any,Any own-farm production,farm-exit,nonfarm_orientation_top,Top tercile baseline nonfarm orientation,binary_top,exit-side nonfarm orientation check,all,stackyear,none,top-minus-rest differential,-0.03640790590324712,0.05799708139289963,0.5301650358826909,2956,137,0.7550898203592814,ok,0.6277541046695568,-1.0,1.0
adjacent,completed_t,asinh_rb_farm_cost_w99,asinh farm cost,farm-exit,farm_orientation_top_tercile,Top tercile pre-specified farm-orientation index,binary_top,pre-specified index top-third split,all,provyear,none,top-minus-rest differential,0.2813746149383425,0.4619439638379401,0.5424516342442068,1988,120,8.054264442624712,ok,0.6091098422428023,1.0,1.0
adjacent,completed_t,rb_farm_any,Any own-farm production,farm-exit,farmdep_continuous,"Baseline farm-dependence, continuous winsorized z",continuous,continuous farm-dependence interaction,all,stackyear,none,heterogeneity slope,0.018393019599001775,0.030501326617020517,0.5464929934553739,2870,136,0.7550898203592814,ok,0.6030235940209238,1.0,1.0
adjacent,completed_t,asinh_rb_inc_farm_w99,asinh farm income,farm-exit,farmdep_continuous,"Baseline farm-dependence, continuous winsorized z",continuous,continuous farm-dependence interaction,all,provyear,none,heterogeneity slope,0.2877459952730387,0.4805821032969804,0.5493431329852194,2846,136,6.3600797353934455,ok,0.5987447166654544,1.0,1.0
adjacent,completed_t,rb_farm_any,Any own-farm production,farm-exit,farmdep_top_vs_bottom,Top versus bottom tercile baseline farm-dependence,binary_top_bottom,clean top-minus-bottom contrast,top_bottom_farmdep,stackyear,none,top-minus-bottom differential,0.05507992260668064,0.107735129565219,0.6091738173445731,1936,130,0.753343701399689,ok,0.5112531337639244,1.0,1.0
adjacent,completed_t,asinh_rb_inc_farm_w99,asinh farm income,farm-exit,farmdep_top_tercile,Top tercile baseline farm-dependence,binary_top,top-third split,all,provyear,none,top-minus-rest differential,0.4102632396722058,0.8654527572731188,0.6354680755373194,2846,136,6.3600797353934455,ok,0.47404463874477587,1.0,1.0
adjacent,completed_t,rb_farm_any,Any own-farm production,farm-exit,bottom_farmdep,Bottom tercile baseline farm-dependence,binary_bottom,exit-side low farm-dependence check,all,stackyear,none,bottom-minus-rest differential,-0.03787086364375228,0.11742051228929909,0.7470562083342712,2870,136,0.7550898203592814,ok,0.3225234067319222,-1.0,1.0
adjacent,completed_t,asinh_rb_farm_cost_w99,asinh farm cost,farm-exit,farm_orientation_continuous,"Pre-specified farm-orientation index, continuous z",continuous,pre-specified index interaction,all,stackyear,none,heterogeneity slope,0.0680611234222516,0.2247476202981226,0.762016701420789,1998,121,8.054264442624712,ok,0.302833566522173,1.0,1.0
adjacent,completed_t,asinh_rb_farm_cost_w99,asinh farm cost,farm-exit,farm_orientation_top_tercile,Top tercile pre-specified farm-orientation index,binary_top,pre-specified index top-third split,all,stackyear,none,top-minus-rest differential,0.13044127095333743,0.4583222300914098,0.7759459899855281,1998,121,8.054264442624712,ok,0.2846060312791759,1.0,1.0
adjacent,completed_t,rb_farm_any,Any own-farm production,farm-exit,nonfarm_orientation_top,Top tercile baseline nonfarm orientation,binary_top,exit-side nonfarm orientation check,all,provyear,none,top-minus-rest differential,-0.01517716546845592,0.05450106215621599,0.7806480043521586,2952,136,0.7550898203592814,ok,0.2784746731165298,-1.0,1.0
